position_id,owner,symbol,side,volume,open_magic,all_magic,open_time,close_time,open_price,close_price,pnl,result,is_closed,comments
334809829,HERMES,BTCUSD#,BUY,0.01,909002,909002,2026-06-06 14:03:53,2026-06-06 14:10:52,60739.9,60598.9,-1.41,LOSS,True,HERMES_DEMO_KELL | [sl 60611.49]
334914404,HERMES,BTCUSD#,BUY,0.01,909002,909002,2026-06-06 22:39:40,2026-06-06 22:47:46,60666.7,60552.5,-1.1400000000000001,LOSS,True,HERMES_DEMO_KELL | [sl 60558.28]
334916660,HERMES,BTCUSD#,BUY,0.01,909002,909002,2026-06-06 22:57:59,2026-06-06 23:06:41,60677.8,60700.2,0.22,WIN,True,HERMES_DEMO_KELL | [tp 60696.25]
334920931,HERMES,BTCUSD#,BUY,0.01,909002,909002,2026-06-06 23:34:34,2026-06-06 23:35:38,60603.7,60557.4,-0.46,LOSS,True,HERMES_DEMO_KELL | [sl 60560.28]
334921486,HERMES,BTCUSD#,SELL,0.01,909002,909002,2026-06-06 23:38:10,2026-06-06 23:45:36,60614.7,60655.7,-0.41,LOSS,True,HERMES_DEMO_KELL | [sl 60654.81]
334923957,HERMES,BTCUSD#,SELL,0.01,909002,909002,2026-06-07 00:05:55,2026-06-07 00:18:10,60523.9,60627.6,-1.04,LOSS,True,HERMES_DEMO_KELL | [sl 60626.61]
334925747,HERMES,BTCUSD#,BUY,0.01,909002,909002,2026-06-07 00:26:09,2026-06-07 00:48:35,60642.2,60636.2,-0.06,LOSS,True,HERMES_DEMO_KELL | [sl 60652.20]
334927673,HERMES,BTCUSD#,BUY,0.01,909002,909002,2026-06-07 00:52:17,2026-06-07 01:16:21,60707.5,60874.9,1.42,WIN,True,HERMES_DEMO_KELL | HERMES_QUICK_EXI
334930873,HERMES,BTCUSD#,SELL,0.01,909002,909002,2026-06-07 01:37:36,2026-06-07 01:45:58,60858.8,60776.1,0.83,WIN,True,HERMES_DEMO_KELL | [tp 60777.70]
334931712,HERMES,BTCUSD#,BUY,0.01,909002,909002,2026-06-07 01:49:59,2026-06-07 01:57:25,60869.5,60749.4,-1.2,LOSS,True,HERMES_DEMO_KELL | [sl 60754.07]
334933514,HERMES,BTCUSD#,SELL,0.01,909002,909002,2026-06-07 02:11:06,2026-06-07 02:11:57,60622.4,60683.9,-0.62,LOSS,True,HERMES_DEMO_KELL | [sl 60683.70]
334934289,HERMES,BTCUSD#,BUY,0.01,909002,909002,2026-06-07 02:20:29,2026-06-07 02:21:52,60743.7,60624.2,-1.2,LOSS,True,HERMES_DEMO_KELL | [sl 60624.31]
334934570,HERMES,BTCUSD#,SELL,0.01,909002,909002,2026-06-07 02:24:33,2026-06-07 02:33:05,60535.3,60528.4,0.07,WIN,True,HERMES_DEMO_KELL | [sl 60525.30]
334935914,HERMES,BTCUSD#,BUY,0.01,909002,"0,909002",2026-06-07 02:46:55,2026-06-07 02:55:06,60620.2,60702.3,0.82,WIN,True,HERMES_DEMO_KELL
334936717,HERMES,BTCUSD#,SELL,0.01,909002,909002,2026-06-07 02:59:47,2026-06-07 03:03:19,60600.3,60717.6,-1.17,LOSS,True,HERMES_DEMO_KELL | [sl 60711.77]
334937389,HERMES,BTCUSD#,BUY,0.01,909002,909002,2026-06-07 03:03:55,2026-06-07 03:41:05,60721.1,60857.6,1.37,WIN,True,HERMES_DEMO_KELL | [tp 60856.70]
334940402,HERMES,BTCUSD#,BUY,0.01,909002,909002,2026-06-07 03:42:29,2026-06-07 03:46:30,60904.9,60822.2,-0.83,LOSS,True,HERMES_DEMO_KELL | [sl 60829.21]
334942408,HERMES,BTCUSD#,BUY,0.01,909002,909002,2026-06-07 04:20:13,2026-06-07 04:46:50,60872.1,60748.8,-1.23,LOSS,True,HERMES_DEMO_KELL | [sl 60752.49]
334947882,HERMES,BTCUSD#,BUY,0.01,909002,909002,2026-06-07 05:09:23,2026-06-07 05:12:01,61316.7,61331.0,0.14,WIN,True,HERMES_DEMO_KELL | [tp 61328.80]
334950361,HERMES,BTCUSD#,BUY,0.01,909002,909002,2026-06-07 05:18:43,2026-06-07 05:29:26,61613.7,61651.2,0.38,WIN,True,HERMES_DEMO_KELL | [tp 61642.00]
334956276,HERMES,BTCUSD#,BUY,0.01,909002,909002,2026-06-07 06:07:16,2026-06-07 06:17:06,61514.3,61305.2,-2.09,LOSS,True,HERMES_DEMO_KELL | [sl 61306.43]
334958732,HERMES,BTCUSD#,SELL,0.01,909002,909002,2026-06-07 06:22:23,2026-06-07 06:24:12,61240.4,61378.8,-1.38,LOSS,True,HERMES_DEMO_KELL | [sl 61378.48]
334960393,HERMES,BTCUSD#,SELL,0.01,909002,909002,2026-06-07 06:37:19,2026-06-07 06:45:13,61217.9,61361.6,-1.44,LOSS,True,HERMES_DEMO_KELL | [sl 61349.60]
334961920,HERMES,BTCUSD#,BUY,0.01,909002,909002,2026-06-07 06:49:51,2026-06-07 07:19:11,61508.8,61645.45,1.37,WIN,True,HERMES_DEMO_KELL | [tp 61645.30]
334966215,HERMES,BTCUSD#,BUY,0.01,909002,909002,2026-06-07 07:21:35,2026-06-07 07:41:44,61701.2,61573.6,-1.28,LOSS,True,HERMES_DEMO_KELL | [sl 61546.91]
334969877,HERMES,BTCUSD#,SELL,0.01,909002,909002,2026-06-07 08:04:44,2026-06-07 08:30:35,61593.5,61587.5,0.06,WIN,True,HERMES_DEMO_KELL | [sl 61583.50]
334971420,HERMES,BTCUSD#,BUY,0.01,909002,909002,2026-06-07 08:32:33,2026-06-07 08:40:53,61563.4,61709.2,1.46,WIN,True,HERMES_DEMO_KELL | [tp 61706.67]
334969543,HERMES,BTCUSD#,BUY,0.01,909002,909002,2026-06-07 07:59:22,2026-06-07 08:42:34,61727.6,61817.1,0.9,WIN,True,HERMES_DEMO_KELL | [tp 61816.70]
334975696,HERMES,BTCUSD#,BUY,0.01,909002,909002,2026-06-07 08:58:55,2026-06-07 09:03:34,61898.3,61791.8,-1.07,LOSS,True,HERMES_DEMO_KELL | [sl 61795.19]
334975015,HERMES,BTCUSD#,BUY,0.01,909002,909002,2026-06-07 08:54:18,2026-06-07 09:18:11,61849.3,62024.2,1.75,WIN,True,HERMES_DEMO_KELL | [tp 62009.00]
334979107,HERMES,BTCUSD#,BUY,0.01,909002,909002,2026-06-07 09:20:17,2026-06-07 09:20:41,61995.2,61883.3,-1.12,LOSS,True,HERMES_DEMO_KELL | [sl 61883.81]
334980159,HERMES,BTCUSD#,BUY,0.01,909002,909002,2026-06-07 09:26:09,2026-06-07 09:26:59,61874.6,61827.3,-0.47,LOSS,True,HERMES_DEMO_KELL | [sl 61830.55]
334985332,HERMES,BTCUSD#,BUY,0.01,909002,909002,2026-06-07 10:00:15,2026-06-07 10:00:51,61773.5,61699.6,-0.74,LOSS,True,HERMES_DEMO_KELL | [sl 61700.74]
334990527,HERMES,BTCUSD#,BUY,0.01,909002,909002,2026-06-07 10:34:21,2026-06-07 11:43:11,62116.6,62175.8,0.59,WIN,True,HERMES_DEMO_KELL | [sl 62176.30]
334992000,HERMES,BTCUSD#,BUY,0.01,909002,909002,2026-06-07 10:39:37,2026-06-07 11:56:29,62162.1,62331.0,1.69,WIN,True,HERMES_DEMO_KELL | [tp 62330.60]
335011345,HERMES,BTCUSD#,BUY,0.01,909002,909002,2026-06-07 11:57:15,2026-06-07 12:05:37,62365.5,62242.5,-1.23,LOSS,True,HERMES_DEMO_KELL | [sl 62243.19]
335013924,HERMES,BTCUSD#,BUY,0.01,909002,909002,2026-06-07 12:10:03,2026-06-07 12:28:20,62380.1,62554.2,1.74,WIN,True,HERMES_DEMO_KELL | [tp 62550.50]
335016762,HERMES,BTCUSD#,BUY,0.01,909002,909002,2026-06-07 12:29:02,2026-06-07 12:40:51,62540.4,62396.7,-1.44,LOSS,True,HERMES_DEMO_KELL | [sl 62404.35]
335017614,HERMES,BTCUSD#,BUY,0.01,909002,909002,2026-06-07 12:35:58,2026-06-07 12:40:51,62535.8,62393.7,-1.42,LOSS,True,HERMES_DEMO_KELL | [sl 62393.83]
335019458,HERMES,BTCUSD#,BUY,0.01,909002,909002,2026-06-07 12:43:00,2026-06-07 12:46:56,62457.8,62756.8,2.99,WIN,True,HERMES_DEMO_KELL | [tp 62752.80]
335023597,HERMES,BTCUSD#,BUY,0.01,909002,909002,2026-06-07 12:50:07,2026-06-07 13:23:09,62786.0,62667.6,-1.18,LOSS,True,HERMES_DEMO_KELL | [sl 62675.34]
335025730,HERMES,BTCUSD#,BUY,0.01,909002,909002,2026-06-07 12:57:00,2026-06-07 13:23:09,62830.25,62667.6,-1.63,LOSS,True,HERMES_DEMO_KELL | [sl 62678.36]
335032155,HERMES,BTCUSD#,SELL,0.01,909002,909002,2026-06-07 13:36:33,2026-06-07 13:50:47,62537.5,62537.6,0.0,BE,True,HERMES_DEMO_KELL | [sl 62527.50]
335041130,HERMES,BTCUSD#,BUY,0.01,909002,909002,2026-06-07 14:25:12,2026-06-07 14:33:36,62557.7,62362.7,-1.95,LOSS,True,HERMES_DEMO_KELL | [sl 62376.05]
335046502,HERMES,BTCUSD#,SELL,0.01,909002,909002,2026-06-07 14:53:00,2026-06-07 14:56:52,62388.75,62441.6,-0.53,LOSS,True,HERMES_DEMO_KELL | [sl 62438.73]
335047452,HERMES,BTCUSD#,BUY,0.01,909002,909002,2026-06-07 14:59:07,2026-06-07 15:12:48,62375.6,62436.5,0.61,WIN,True,HERMES_DEMO_KELL | [sl 62440.70]
335060172,HERMES,BTCUSD#,SELL,0.01,909002,909002,2026-06-07 16:16:15,2026-06-07 16:19:16,62225.4,61908.2,3.17,WIN,True,HERMES_DEMO_KELL | [tp 61916.80]
335064979,HERMES,BTCUSD#,SELL,0.01,909002,909002,2026-06-07 16:32:50,2026-06-07 16:38:42,61897.7,61889.2,0.09,WIN,True,HERMES_DEMO_KELL | [sl 61887.70]
335070340,HERMES,BTCUSD#,SELL,0.01,909002,909002,2026-06-07 16:45:32,2026-06-07 16:48:04,61682.9,61843.8,-1.6099999999999999,LOSS,True,HERMES_DEMO_KELL | [sl 61843.76]
335082151,HERMES,BTCUSD#,SELL,0.01,909002,909002,2026-06-07 17:41:22,2026-06-07 18:17:27,61710.9,61867.4,-1.5699999999999998,LOSS,True,HERMES_DEMO_KELL | [sl 61866.29]
335090286,HERMES,BTCUSD#,BUY,0.01,909002,909002,2026-06-07 18:23:31,2026-06-07 18:30:47,62029.4,62214.9,1.8599999999999999,WIN,True,HERMES_DEMO_KELL | [tp 62213.80]
335092772,HERMES,BTCUSD#,BUY,0.01,909002,909002,2026-06-07 18:32:38,2026-06-07 18:40:42,62265.8,62025.0,-2.41,LOSS,True,HERMES_DEMO_KELL | [sl 62025.18]
335094909,HERMES,BTCUSD#,SELL,0.01,909002,909002,2026-06-07 18:41:40,2026-06-07 18:41:42,61995.3,62008.6,-0.13,LOSS,True,HERMES_DEMO_KELL | [tp 62014.00]
335098642,HERMES,BTCUSD#,SELL,0.01,909002,909002,2026-06-07 18:51:17,2026-06-07 18:51:29,61885.0,61926.5,-0.42,LOSS,True,HERMES_DEMO_KELL | [sl 61926.42]
335111133,HERMES,BTCUSD#,BUY,0.01,909002,909002,2026-06-07 19:53:38,2026-06-07 20:05:57,62190.0,61970.1,-2.2,LOSS,True,HERMES_DEMO_KELL | [sl 61972.41]
335114027,HERMES,BTCUSD#,BUY,0.01,909002,909002,2026-06-07 20:07:40,2026-06-07 20:20:30,61996.4,62221.7,2.25,WIN,True,HERMES_DEMO_KELL | [tp 62218.00]
335121180,HERMES,BTCUSD#,BUY,0.01,909002,909002,2026-06-07 20:37:15,2026-06-07 20:55:25,62235.6,62099.75,-1.3599999999999999,LOSS,True,HERMES_DEMO_KELL | [sl 62103.47]
335127397,HERMES,BTCUSD#,BUY,0.01,909002,909002,2026-06-07 21:10:10,2026-06-07 21:47:43,62257.2,62214.1,-0.43,LOSS,True,HERMES_DEMO_KELL | [sl 62214.47]
335137455,HERMES,BTCUSD#,BUY,0.01,909002,909002,2026-06-07 22:11:24,2026-06-07 22:49:51,62239.2,62111.8,-1.27,LOSS,True,HERMES_DEMO_KELL | [sl 62118.49]
335147008,HERMES,BTCUSD#,SELL,0.01,909002,909002,2026-06-07 23:07:04,2026-06-07 23:08:37,61653.6,61648.6,0.05,WIN,True,HERMES_DEMO_KELL | [tp 61652.00]
335157774,HERMES,BTCUSD#,SELL,0.01,909002,909002,2026-06-07 23:57:50,2026-06-08 00:06:52,61312.3,61564.2,-2.52,LOSS,True,HERMES_DEMO_KELL | [sl 61560.60]
335158905,HERMES,BTCUSD#,BUY,0.01,909002,909002,2026-06-08 00:06:41,2026-06-08 00:10:22,61539.9,61646.4,1.07,WIN,True,HERMES_DEMO_KELL | [tp 61644.70]
335163446,HERMES,BTCUSD#,BUY,0.01,909002,909002,2026-06-08 00:25:51,2026-06-08 01:03:00,61745.4,61824.9,0.55,WIN,True,HERMES_DEMO_KELL | [sl 61826.30]
335168828,HERMES,BTCUSD#,BUY,0.01,909002,909002,2026-06-08 01:10:29,2026-06-08 01:12:57,61830.3,61970.4,1.4,WIN,True,HERMES_DEMO_KELL | [tp 61963.30]
