timestamp_utc,timestamp_casa,hour,symbol,broker_symbol,strategy,direction,entry,stop_loss,take_profit,rr,score,grade,confidence,demo_eligible,session,smc_status,smc_score,mtfa_status,mtfa_score,top_down_status,top_down_missing,top_down_missing_fields,setup_reason,rejection_reason,final_status,sh_decision,safety_decision,router_decision,mt5_status,event_type
2026-06-22T23:16:24.586259+00:00,2026-06-23 00:16:24,2026-06-23 00:00 CASA,BTCUSD#,BTCUSD#,NONE,SELL,,,,,0,D,0,False,ASIA_PREOPEN,,,,,,False,,,NO_STRATEGY_SIGNAL,NO_VALID_SETUP,REJECT,BLOCK,N/A,NOT_SENT,SETUP_HUNTER
2026-06-22T23:16:33.564684+00:00,2026-06-23 00:16:33,2026-06-23 00:00 CASA,GOLD#,GOLD#,NONE,BUY,,,,,0,D,0,False,ASIA_PREOPEN,,,,,,False,,,NO_STRATEGY_SIGNAL,NO_VALID_SETUP,REJECT,BLOCK,N/A,NOT_SENT,SETUP_HUNTER
2026-06-22T23:16:34.098454+00:00,2026-06-23 00:16:34,2026-06-23 00:00 CASA,EURUSD,EURUSD,NONE,WAIT,,,,,0,D,0,False,ASIA_PREOPEN,,,,,,False,,,NO_STRATEGY_SIGNAL,NO_VALID_SETUP,REJECT,BLOCK,N/A,NOT_SENT,SETUP_HUNTER
2026-06-22T23:16:41.487198+00:00,2026-06-23 00:16:41,2026-06-23 00:00 CASA,BTCUSD#,BTCUSD#,NONE,SELL,,,,,0,D,0,False,ASIA_PREOPEN,,,,,,False,,,NO_STRATEGY_SIGNAL,NO_VALID_SETUP,REJECT,BLOCK,N/A,NOT_SENT,SETUP_HUNTER
2026-06-22T23:16:50.164424+00:00,2026-06-23 00:16:50,2026-06-23 00:00 CASA,GOLD#,GOLD#,NONE,BUY,,,,,0,D,0,False,ASIA_PREOPEN,,,,,,False,,,NO_STRATEGY_SIGNAL,NO_VALID_SETUP,REJECT,BLOCK,N/A,NOT_SENT,SETUP_HUNTER
2026-06-22T23:16:50.726008+00:00,2026-06-23 00:16:50,2026-06-23 00:00 CASA,EURUSD,EURUSD,NONE,WAIT,,,,,0,D,0,False,ASIA_PREOPEN,,,,,,False,,,NO_STRATEGY_SIGNAL,NO_VALID_SETUP,REJECT,BLOCK,N/A,NOT_SENT,SETUP_HUNTER
2026-06-22T23:16:59.851020+00:00,2026-06-23 00:16:59,2026-06-23 00:00 CASA,BTCUSD#,BTCUSD#,NONE,SELL,,,,,0,D,0,False,ASIA_PREOPEN,,,,,,False,,,NO_STRATEGY_SIGNAL,NO_VALID_SETUP,REJECT,BLOCK,N/A,NOT_SENT,SETUP_HUNTER
2026-06-22T23:17:06.540488+00:00,2026-06-23 00:17:06,2026-06-23 00:00 CASA,GOLD#,GOLD#,NONE,BUY,,,,,0,D,0,False,ASIA_PREOPEN,,,,,,False,,,NO_STRATEGY_SIGNAL,NO_VALID_SETUP,REJECT,BLOCK,N/A,NOT_SENT,SETUP_HUNTER
2026-06-22T23:17:07.038718+00:00,2026-06-23 00:17:07,2026-06-23 00:00 CASA,EURUSD,EURUSD,NONE,WAIT,,,,,0,D,0,False,ASIA_PREOPEN,,,,,,False,,,NO_STRATEGY_SIGNAL,NO_VALID_SETUP,REJECT,BLOCK,N/A,NOT_SENT,SETUP_HUNTER
2026-06-22T23:17:14.354752+00:00,2026-06-23 00:17:14,2026-06-23 00:00 CASA,BTCUSD#,BTCUSD#,NONE,SELL,,,,,0,D,0,False,ASIA_PREOPEN,,,,,,False,,,NO_STRATEGY_SIGNAL,NO_VALID_SETUP,REJECT,BLOCK,N/A,NOT_SENT,SETUP_HUNTER
2026-06-22T23:17:21.254042+00:00,2026-06-23 00:17:21,2026-06-23 00:00 CASA,GOLD#,GOLD#,NONE,BUY,,,,,0,D,0,False,ASIA_PREOPEN,,,,,,False,,,NO_STRATEGY_SIGNAL,NO_VALID_SETUP,REJECT,BLOCK,N/A,NOT_SENT,SETUP_HUNTER
2026-06-22T23:17:21.774863+00:00,2026-06-23 00:17:21,2026-06-23 00:00 CASA,EURUSD,EURUSD,NONE,WAIT,,,,,0,D,0,False,ASIA_PREOPEN,,,,,,False,,,NO_STRATEGY_SIGNAL,NO_VALID_SETUP,REJECT,BLOCK,N/A,NOT_SENT,SETUP_HUNTER
2026-06-22T23:17:29.158192+00:00,2026-06-23 00:17:29,2026-06-23 00:00 CASA,BTCUSD#,BTCUSD#,NONE,SELL,,,,,0,D,0,False,ASIA_PREOPEN,,,,,,False,,,NO_STRATEGY_SIGNAL,NO_VALID_SETUP,REJECT,BLOCK,N/A,NOT_SENT,SETUP_HUNTER
2026-06-22T23:17:38.430212+00:00,2026-06-23 00:17:38,2026-06-23 00:00 CASA,GOLD#,GOLD#,NONE,BUY,,,,,0,D,0,False,ASIA_PREOPEN,,,,,,False,,,NO_STRATEGY_SIGNAL,NO_VALID_SETUP,REJECT,BLOCK,N/A,NOT_SENT,SETUP_HUNTER
2026-06-22T23:17:38.951926+00:00,2026-06-23 00:17:38,2026-06-23 00:00 CASA,EURUSD,EURUSD,NONE,WAIT,,,,,0,D,0,False,ASIA_PREOPEN,,,,,,False,,,NO_STRATEGY_SIGNAL,NO_VALID_SETUP,REJECT,BLOCK,N/A,NOT_SENT,SETUP_HUNTER
2026-06-22T23:17:46.307606+00:00,2026-06-23 00:17:46,2026-06-23 00:00 CASA,BTCUSD#,BTCUSD#,NONE,SELL,,,,,0,D,0,False,ASIA_PREOPEN,,,,,,False,,,NO_STRATEGY_SIGNAL,NO_VALID_SETUP,REJECT,BLOCK,N/A,NOT_SENT,SETUP_HUNTER
2026-06-22T23:17:57.477846+00:00,2026-06-23 00:17:57,2026-06-23 00:00 CASA,GOLD#,GOLD#,NONE,BUY,,,,,0,D,0,False,ASIA_PREOPEN,,,,,,False,,,NO_STRATEGY_SIGNAL,NO_VALID_SETUP,REJECT,BLOCK,N/A,NOT_SENT,SETUP_HUNTER
2026-06-22T23:18:03.963448+00:00,2026-06-23 00:18:03,2026-06-23 00:00 CASA,EURUSD,EURUSD,NONE,BUY,,,,,0,D,0,False,ASIA_PREOPEN,,,,,,False,,,NO_STRATEGY_SIGNAL,NO_VALID_SETUP,REJECT,BLOCK,N/A,NOT_SENT,SETUP_HUNTER
2026-06-22T23:18:11.139332+00:00,2026-06-23 00:18:11,2026-06-23 00:00 CASA,BTCUSD#,BTCUSD#,NONE,SELL,,,,,0,D,0,False,ASIA_PREOPEN,,,,,,False,,,NO_STRATEGY_SIGNAL,NO_VALID_SETUP,REJECT,BLOCK,N/A,NOT_SENT,SETUP_HUNTER
2026-06-22T23:18:19.936022+00:00,2026-06-23 00:18:19,2026-06-23 00:00 CASA,GOLD#,GOLD#,NONE,BUY,,,,,0,D,0,False,ASIA_PREOPEN,,,,,,False,,,NO_STRATEGY_SIGNAL,NO_VALID_SETUP,REJECT,BLOCK,N/A,NOT_SENT,SETUP_HUNTER
2026-06-22T23:18:26.405044+00:00,2026-06-23 00:18:26,2026-06-23 00:00 CASA,EURUSD,EURUSD,NONE,BUY,,,,,0,D,0,False,ASIA_PREOPEN,,,,,,False,,,NO_STRATEGY_SIGNAL,NO_VALID_SETUP,REJECT,BLOCK,N/A,NOT_SENT,SETUP_HUNTER
2026-06-22T23:18:37.323389+00:00,2026-06-23 00:18:37,2026-06-23 00:00 CASA,BTCUSD#,BTCUSD#,NONE,SELL,,,,,0,D,0,False,ASIA_PREOPEN,,,,,,False,,,NO_STRATEGY_SIGNAL,NO_VALID_SETUP,REJECT,BLOCK,N/A,NOT_SENT,SETUP_HUNTER
2026-06-22T23:18:48.242921+00:00,2026-06-23 00:18:48,2026-06-23 00:00 CASA,GOLD#,GOLD#,NONE,BUY,,,,,0,D,0,False,ASIA_PREOPEN,,,,,,False,,,NO_STRATEGY_SIGNAL,NO_VALID_SETUP,REJECT,BLOCK,N/A,NOT_SENT,SETUP_HUNTER
2026-06-22T23:18:52.680743+00:00,2026-06-23 00:18:52,2026-06-23 00:00 CASA,EURUSD,EURUSD,NONE,BUY,,,,,0,D,0,False,ASIA_PREOPEN,,,,,,False,,,NO_STRATEGY_SIGNAL,NO_VALID_SETUP,REJECT,BLOCK,N/A,NOT_SENT,SETUP_HUNTER
2026-06-22T23:19:01.734295+00:00,2026-06-23 00:19:01,2026-06-23 00:00 CASA,BTCUSD#,BTCUSD#,NONE,SELL,,,,,0,D,0,False,ASIA_PREOPEN,,,,,,False,,,NO_STRATEGY_SIGNAL,NO_VALID_SETUP,REJECT,BLOCK,N/A,NOT_SENT,SETUP_HUNTER
2026-06-22T23:19:11.728511+00:00,2026-06-23 00:19:11,2026-06-23 00:00 CASA,GOLD#,GOLD#,NONE,BUY,,,,,0,D,0,False,ASIA_PREOPEN,,,,,,False,,,NO_STRATEGY_SIGNAL,NO_VALID_SETUP,REJECT,BLOCK,N/A,NOT_SENT,SETUP_HUNTER
2026-06-22T23:19:16.195274+00:00,2026-06-23 00:19:16,2026-06-23 00:00 CASA,EURUSD,EURUSD,NONE,BUY,,,,,0,D,0,False,ASIA_PREOPEN,,,,,,False,,,NO_STRATEGY_SIGNAL,NO_VALID_SETUP,REJECT,BLOCK,N/A,NOT_SENT,SETUP_HUNTER
2026-06-22T23:19:25.258219+00:00,2026-06-23 00:19:25,2026-06-23 00:00 CASA,BTCUSD#,BTCUSD#,NONE,SELL,,,,,0,D,0,False,ASIA_PREOPEN,,,,,,False,,,NO_STRATEGY_SIGNAL,NO_VALID_SETUP,REJECT,BLOCK,N/A,NOT_SENT,SETUP_HUNTER
2026-06-22T23:19:34.299950+00:00,2026-06-23 00:19:34,2026-06-23 00:00 CASA,GOLD#,GOLD#,NONE,BUY,,,,,0,D,0,False,ASIA_PREOPEN,,,,,,False,,,NO_STRATEGY_SIGNAL,NO_VALID_SETUP,REJECT,BLOCK,N/A,NOT_SENT,SETUP_HUNTER
2026-06-22T23:19:38.607124+00:00,2026-06-23 00:19:38,2026-06-23 00:00 CASA,EURUSD,EURUSD,NONE,BUY,,,,,0,D,0,False,ASIA_PREOPEN,,,,,,False,,,NO_STRATEGY_SIGNAL,NO_VALID_SETUP,REJECT,BLOCK,N/A,NOT_SENT,SETUP_HUNTER
2026-06-22T23:19:47.749856+00:00,2026-06-23 00:19:47,2026-06-23 00:00 CASA,BTCUSD#,BTCUSD#,NONE,SELL,,,,,0,D,0,False,ASIA_PREOPEN,,,,,,False,,,NO_STRATEGY_SIGNAL,NO_VALID_SETUP,REJECT,BLOCK,N/A,NOT_SENT,SETUP_HUNTER
2026-06-22T23:19:56.493259+00:00,2026-06-23 00:19:56,2026-06-23 00:00 CASA,GOLD#,GOLD#,NONE,BUY,,,,,0,D,0,False,ASIA_PREOPEN,,,,,,False,,,NO_STRATEGY_SIGNAL,NO_VALID_SETUP,REJECT,BLOCK,N/A,NOT_SENT,SETUP_HUNTER
2026-06-22T23:20:02.818645+00:00,2026-06-23 00:20:02,2026-06-23 00:00 CASA,EURUSD,EURUSD,NONE,BUY,,,,,0,D,0,False,ASIA_PREOPEN,,,,,,False,,,NO_STRATEGY_SIGNAL,NO_VALID_SETUP,REJECT,BLOCK,N/A,NOT_SENT,SETUP_HUNTER
2026-06-22T23:20:10.049411+00:00,2026-06-23 00:20:10,2026-06-23 00:00 CASA,BTCUSD#,BTCUSD#,NONE,SELL,,,,,0,D,0,False,ASIA_PREOPEN,,,,,,False,,,NO_STRATEGY_SIGNAL,NO_VALID_SETUP,REJECT,BLOCK,N/A,NOT_SENT,SETUP_HUNTER
2026-06-22T23:20:16.932812+00:00,2026-06-23 00:20:16,2026-06-23 00:00 CASA,GOLD#,GOLD#,NONE,BUY,,,,,0,D,0,False,ASIA_PREOPEN,,,,,,False,,,NO_STRATEGY_SIGNAL,NO_VALID_SETUP,REJECT,BLOCK,N/A,NOT_SENT,SETUP_HUNTER
2026-06-22T23:20:23.177683+00:00,2026-06-23 00:20:23,2026-06-23 00:00 CASA,EURUSD,EURUSD,NONE,BUY,,,,,0,D,0,False,ASIA_PREOPEN,,,,,,False,,,NO_STRATEGY_SIGNAL,NO_VALID_SETUP,REJECT,BLOCK,N/A,NOT_SENT,SETUP_HUNTER
2026-06-22T23:20:32.274337+00:00,2026-06-23 00:20:32,2026-06-23 00:00 CASA,BTCUSD#,BTCUSD#,NONE,SELL,,,,,0,D,0,False,ASIA_PREOPEN,,,,,,False,,,NO_STRATEGY_SIGNAL,NO_VALID_SETUP,REJECT,BLOCK,N/A,NOT_SENT,SETUP_HUNTER
2026-06-22T23:20:39.082025+00:00,2026-06-23 00:20:39,2026-06-23 00:00 CASA,GOLD#,GOLD#,NONE,BUY,,,,,0,D,0,False,ASIA_PREOPEN,,,,,,False,,,NO_STRATEGY_SIGNAL,NO_VALID_SETUP,REJECT,BLOCK,N/A,NOT_SENT,SETUP_HUNTER
2026-06-22T23:20:47.129148+00:00,2026-06-23 00:20:47,2026-06-23 00:00 CASA,EURUSD,EURUSD,NONE,BUY,,,,,0,D,0,False,ASIA_PREOPEN,,,,,,False,,,NO_STRATEGY_SIGNAL,NO_VALID_SETUP,REJECT,BLOCK,N/A,NOT_SENT,SETUP_HUNTER
2026-06-22T23:20:54.273406+00:00,2026-06-23 00:20:54,2026-06-23 00:00 CASA,BTCUSD#,BTCUSD#,NONE,SELL,,,,,0,D,0,False,ASIA_PREOPEN,,,,,,False,,,NO_STRATEGY_SIGNAL,NO_VALID_SETUP,REJECT,BLOCK,N/A,NOT_SENT,SETUP_HUNTER
2026-06-22T23:21:01.246121+00:00,2026-06-23 00:21:01,2026-06-23 00:00 CASA,GOLD#,GOLD#,NONE,BUY,,,,,0,D,0,False,ASIA_PREOPEN,,,,,,False,,,NO_STRATEGY_SIGNAL,NO_VALID_SETUP,REJECT,BLOCK,N/A,NOT_SENT,SETUP_HUNTER
2026-06-22T23:21:09.488787+00:00,2026-06-23 00:21:09,2026-06-23 00:00 CASA,EURUSD,EURUSD,NONE,BUY,,,,,0,D,0,False,ASIA_PREOPEN,,,,,,False,,,NO_STRATEGY_SIGNAL,NO_VALID_SETUP,REJECT,BLOCK,N/A,NOT_SENT,SETUP_HUNTER
2026-06-22T23:21:18.562407+00:00,2026-06-23 00:21:18,2026-06-23 00:00 CASA,BTCUSD#,BTCUSD#,NONE,SELL,,,,,0,D,0,False,ASIA_PREOPEN,,,,,,False,,,NO_STRATEGY_SIGNAL,NO_VALID_SETUP,REJECT,BLOCK,N/A,NOT_SENT,SETUP_HUNTER
2026-06-22T23:21:25.301687+00:00,2026-06-23 00:21:25,2026-06-23 00:00 CASA,GOLD#,GOLD#,NONE,BUY,,,,,0,D,0,False,ASIA_PREOPEN,,,,,,False,,,NO_STRATEGY_SIGNAL,NO_VALID_SETUP,REJECT,BLOCK,N/A,NOT_SENT,SETUP_HUNTER
2026-06-22T23:21:33.402021+00:00,2026-06-23 00:21:33,2026-06-23 00:00 CASA,EURUSD,EURUSD,NONE,BUY,,,,,0,D,0,False,ASIA_PREOPEN,,,,,,False,,,NO_STRATEGY_SIGNAL,NO_VALID_SETUP,REJECT,BLOCK,N/A,NOT_SENT,SETUP_HUNTER
2026-06-22T23:21:44.358899+00:00,2026-06-23 00:21:44,2026-06-23 00:00 CASA,BTCUSD#,BTCUSD#,NONE,SELL,,,,,0,D,0,False,ASIA_PREOPEN,,,,,,False,,,NO_STRATEGY_SIGNAL,NO_VALID_SETUP,REJECT,BLOCK,N/A,NOT_SENT,SETUP_HUNTER
2026-06-22T23:21:51.388647+00:00,2026-06-23 00:21:51,2026-06-23 00:00 CASA,GOLD#,GOLD#,NONE,BUY,,,,,0,D,0,False,ASIA_PREOPEN,,,,,,False,,,NO_STRATEGY_SIGNAL,NO_VALID_SETUP,REJECT,BLOCK,N/A,NOT_SENT,SETUP_HUNTER
2026-06-22T23:21:59.519433+00:00,2026-06-23 00:21:59,2026-06-23 00:00 CASA,EURUSD,EURUSD,NONE,BUY,,,,,0,D,0,False,ASIA_PREOPEN,,,,,,False,,,NO_STRATEGY_SIGNAL,NO_VALID_SETUP,REJECT,BLOCK,N/A,NOT_SENT,SETUP_HUNTER
2026-06-22T23:22:10.350436+00:00,2026-06-23 00:22:10,2026-06-23 00:00 CASA,BTCUSD#,BTCUSD#,NONE,SELL,,,,,0,D,0,False,ASIA_PREOPEN,,,,,,False,,,NO_STRATEGY_SIGNAL,NO_VALID_SETUP,REJECT,BLOCK,N/A,NOT_SENT,SETUP_HUNTER
2026-06-22T23:22:17.058819+00:00,2026-06-23 00:22:17,2026-06-23 00:00 CASA,GOLD#,GOLD#,NONE,BUY,,,,,0,D,0,False,ASIA_PREOPEN,,,,,,False,,,NO_STRATEGY_SIGNAL,NO_VALID_SETUP,REJECT,BLOCK,N/A,NOT_SENT,SETUP_HUNTER
2026-06-22T23:22:23.376339+00:00,2026-06-23 00:22:23,2026-06-23 00:00 CASA,EURUSD,EURUSD,NONE,SELL,,,,,0,D,0,False,ASIA_PREOPEN,,,,,,False,,,NO_STRATEGY_SIGNAL,NO_VALID_SETUP,REJECT,BLOCK,N/A,NOT_SENT,SETUP_HUNTER
2026-06-22T23:22:23.404914+00:00,2026-06-23 00:22:23,2026-06-23 00:00 CASA,EURUSD,EURUSD,ORDER_FLOW_EXECUTION_AGENT,SELL,1.1426,1.14773,1.1349,1.5009746588694455,,D,,,UNKNOWN,,,,,PASS,False,,ALLOW_DEMO,EXECUTION_CANDIDATE_FALSE,SETUP_HUNTER_REJECTED,REJECT,N/A,N/A,NOT_SENT,DEMO_ORDER_READY
2026-06-22T23:22:23.404914+00:00,2026-06-23 00:22:23,2026-06-23 00:00 CASA,EURUSD,EURUSD,ORDER_FLOW_EXECUTION_AGENT,SELL,1.1426,1.14773,1.1349,1.5009746588694455,,D,,,UNKNOWN,,,,,PASS,False,,ALLOW_DEMO,,SENT_TO_DEMO_ROUTER,REJECT,N/A,PASS,SENT,DEMO_SKIP
2026-06-22T23:22:34.250351+00:00,2026-06-23 00:22:34,2026-06-23 00:00 CASA,BTCUSD#,BTCUSD#,NONE,SELL,,,,,0,D,0,False,ASIA_PREOPEN,,,,,,False,,,NO_STRATEGY_SIGNAL,NO_VALID_SETUP,REJECT,BLOCK,N/A,NOT_SENT,SETUP_HUNTER
2026-06-22T23:22:40.964817+00:00,2026-06-23 00:22:40,2026-06-23 00:00 CASA,GOLD#,GOLD#,NONE,BUY,,,,,0,D,0,False,ASIA_PREOPEN,,,,,,False,,,NO_STRATEGY_SIGNAL,NO_VALID_SETUP,REJECT,BLOCK,N/A,NOT_SENT,SETUP_HUNTER
2026-06-22T23:22:47.281220+00:00,2026-06-23 00:22:47,2026-06-23 00:00 CASA,EURUSD,EURUSD,NONE,SELL,,,,,0,D,0,False,ASIA_PREOPEN,,,,,,False,,,NO_STRATEGY_SIGNAL,NO_VALID_SETUP,REJECT,BLOCK,N/A,NOT_SENT,SETUP_HUNTER
2026-06-22T23:22:47.294969+00:00,2026-06-23 00:22:47,2026-06-23 00:00 CASA,EURUSD,EURUSD,ORDER_FLOW_EXECUTION_AGENT,SELL,1.1426,1.14773,1.1349,1.5009746588694455,,D,,,UNKNOWN,,,,,PASS,False,,ALLOW_DEMO,EXECUTION_CANDIDATE_FALSE,SETUP_HUNTER_REJECTED,REJECT,N/A,N/A,NOT_SENT,DEMO_ORDER_READY
2026-06-22T23:22:47.294969+00:00,2026-06-23 00:22:47,2026-06-23 00:00 CASA,EURUSD,EURUSD,ORDER_FLOW_EXECUTION_AGENT,SELL,1.1426,1.14773,1.1349,1.5009746588694455,,D,,,UNKNOWN,,,,,PASS,False,,ALLOW_DEMO,,SENT_TO_DEMO_ROUTER,REJECT,N/A,PASS,SENT,DEMO_SKIP
2026-06-22T23:22:58.345750+00:00,2026-06-23 00:22:58,2026-06-23 00:00 CASA,BTCUSD#,BTCUSD#,NONE,SELL,,,,,0,D,0,False,ASIA_PREOPEN,,,,,,False,,,NO_STRATEGY_SIGNAL,NO_VALID_SETUP,REJECT,BLOCK,N/A,NOT_SENT,SETUP_HUNTER
2026-06-22T23:23:05.319762+00:00,2026-06-23 00:23:05,2026-06-23 00:00 CASA,GOLD#,GOLD#,NONE,BUY,,,,,0,D,0,False,ASIA_PREOPEN,,,,,,False,,,NO_STRATEGY_SIGNAL,NO_VALID_SETUP,REJECT,BLOCK,N/A,NOT_SENT,SETUP_HUNTER
2026-06-22T23:23:15.614275+00:00,2026-06-23 00:23:15,2026-06-23 00:00 CASA,EURUSD,EURUSD,NONE,SELL,,,,,0,D,0,False,ASIA_PREOPEN,,,,,,False,,,NO_STRATEGY_SIGNAL,NO_VALID_SETUP,REJECT,BLOCK,N/A,NOT_SENT,SETUP_HUNTER
2026-06-22T23:23:26.752510+00:00,2026-06-23 00:23:26,2026-06-23 00:00 CASA,BTCUSD#,BTCUSD#,NONE,SELL,,,,,0,D,0,False,ASIA_PREOPEN,,,,,,False,,,NO_STRATEGY_SIGNAL,NO_VALID_SETUP,REJECT,BLOCK,N/A,NOT_SENT,SETUP_HUNTER
2026-06-22T23:23:33.650963+00:00,2026-06-23 00:23:33,2026-06-23 00:00 CASA,GOLD#,GOLD#,NONE,BUY,,,,,0,D,0,False,ASIA_PREOPEN,,,,,,False,,,NO_STRATEGY_SIGNAL,NO_VALID_SETUP,REJECT,BLOCK,N/A,NOT_SENT,SETUP_HUNTER
2026-06-22T23:23:43.896583+00:00,2026-06-23 00:23:43,2026-06-23 00:00 CASA,EURUSD,EURUSD,NONE,SELL,,,,,0,D,0,False,ASIA_PREOPEN,,,,,,False,,,NO_STRATEGY_SIGNAL,NO_VALID_SETUP,REJECT,BLOCK,N/A,NOT_SENT,SETUP_HUNTER
2026-06-22T23:23:55.016546+00:00,2026-06-23 00:23:55,2026-06-23 00:00 CASA,BTCUSD#,BTCUSD#,NONE,SELL,,,,,0,D,0,False,ASIA_PREOPEN,,,,,,False,,,NO_STRATEGY_SIGNAL,NO_VALID_SETUP,REJECT,BLOCK,N/A,NOT_SENT,SETUP_HUNTER
2026-06-22T23:24:01.804524+00:00,2026-06-23 00:24:01,2026-06-23 00:00 CASA,GOLD#,GOLD#,NONE,BUY,,,,,0,D,0,False,ASIA_PREOPEN,,,,,,False,,,NO_STRATEGY_SIGNAL,NO_VALID_SETUP,REJECT,BLOCK,N/A,NOT_SENT,SETUP_HUNTER
2026-06-22T23:24:12.594820+00:00,2026-06-23 00:24:12,2026-06-23 00:00 CASA,EURUSD,EURUSD,NONE,SELL,,,,,0,D,0,False,ASIA_PREOPEN,,,,,,False,,,NO_STRATEGY_SIGNAL,NO_VALID_SETUP,REJECT,BLOCK,N/A,NOT_SENT,SETUP_HUNTER
2026-06-22T23:24:24.068593+00:00,2026-06-23 00:24:24,2026-06-23 00:00 CASA,BTCUSD#,BTCUSD#,NONE,SELL,,,,,0,D,0,False,ASIA_PREOPEN,,,,,,False,,,NO_STRATEGY_SIGNAL,NO_VALID_SETUP,REJECT,BLOCK,N/A,NOT_SENT,SETUP_HUNTER
2026-06-22T23:24:28.975609+00:00,2026-06-23 00:24:28,2026-06-23 00:00 CASA,GOLD#,GOLD#,NONE,BUY,,,,,0,D,0,False,ASIA_PREOPEN,,,,,,False,,,NO_STRATEGY_SIGNAL,NO_VALID_SETUP,REJECT,BLOCK,N/A,NOT_SENT,SETUP_HUNTER
2026-06-22T23:24:39.242586+00:00,2026-06-23 00:24:39,2026-06-23 00:00 CASA,EURUSD,EURUSD,NONE,SELL,,,,,0,D,0,False,ASIA_PREOPEN,,,,,,False,,,NO_STRATEGY_SIGNAL,NO_VALID_SETUP,REJECT,BLOCK,N/A,NOT_SENT,SETUP_HUNTER
2026-06-22T23:24:48.224550+00:00,2026-06-23 00:24:48,2026-06-23 00:00 CASA,BTCUSD#,BTCUSD#,NONE,SELL,,,,,0,D,0,False,ASIA_PREOPEN,,,,,,False,,,NO_STRATEGY_SIGNAL,NO_VALID_SETUP,REJECT,BLOCK,N/A,NOT_SENT,SETUP_HUNTER
2026-06-22T23:24:53.125272+00:00,2026-06-23 00:24:53,2026-06-23 00:00 CASA,GOLD#,GOLD#,NONE,BUY,,,,,0,D,0,False,ASIA_PREOPEN,,,,,,False,,,NO_STRATEGY_SIGNAL,NO_VALID_SETUP,REJECT,BLOCK,N/A,NOT_SENT,SETUP_HUNTER
2026-06-22T23:25:03.091109+00:00,2026-06-23 00:25:03,2026-06-23 00:00 CASA,EURUSD,EURUSD,NONE,SELL,,,,,0,D,0,False,ASIA_PREOPEN,,,,,,False,,,NO_STRATEGY_SIGNAL,NO_VALID_SETUP,REJECT,BLOCK,N/A,NOT_SENT,SETUP_HUNTER
2026-06-22T23:25:10.492404+00:00,2026-06-23 00:25:10,2026-06-23 00:00 CASA,BTCUSD#,BTCUSD#,NONE,SELL,,,,,0,D,0,False,ASIA_PREOPEN,,,,,,False,,,NO_STRATEGY_SIGNAL,NO_VALID_SETUP,REJECT,BLOCK,N/A,NOT_SENT,SETUP_HUNTER
2026-06-22T23:25:17.385978+00:00,2026-06-23 00:25:17,2026-06-23 00:00 CASA,GOLD#,GOLD#,NONE,SELL,,,,,0,D,0,False,ASIA_PREOPEN,,,,,,False,,,NO_STRATEGY_SIGNAL,NO_VALID_SETUP,REJECT,BLOCK,N/A,NOT_SENT,SETUP_HUNTER
2026-06-22T23:25:27.549078+00:00,2026-06-23 00:25:27,2026-06-23 00:00 CASA,EURUSD,EURUSD,NONE,SELL,,,,,0,D,0,False,ASIA_PREOPEN,,,,,,False,,,NO_STRATEGY_SIGNAL,NO_VALID_SETUP,REJECT,BLOCK,N/A,NOT_SENT,SETUP_HUNTER
2026-06-22T23:25:36.623522+00:00,2026-06-23 00:25:36,2026-06-23 00:00 CASA,BTCUSD#,BTCUSD#,NONE,SELL,,,,,0,D,0,False,ASIA_PREOPEN,,,,,,False,,,NO_STRATEGY_SIGNAL,NO_VALID_SETUP,REJECT,BLOCK,N/A,NOT_SENT,SETUP_HUNTER
2026-06-22T23:25:43.462228+00:00,2026-06-23 00:25:43,2026-06-23 00:00 CASA,GOLD#,GOLD#,NONE,SELL,,,,,0,D,0,False,ASIA_PREOPEN,,,,,,False,,,NO_STRATEGY_SIGNAL,NO_VALID_SETUP,REJECT,BLOCK,N/A,NOT_SENT,SETUP_HUNTER
2026-06-22T23:25:53.638087+00:00,2026-06-23 00:25:53,2026-06-23 00:00 CASA,EURUSD,EURUSD,NONE,SELL,,,,,0,D,0,False,ASIA_PREOPEN,,,,,,False,,,NO_STRATEGY_SIGNAL,NO_VALID_SETUP,REJECT,BLOCK,N/A,NOT_SENT,SETUP_HUNTER
2026-06-22T23:26:00.920510+00:00,2026-06-23 00:26:00,2026-06-23 00:00 CASA,BTCUSD#,BTCUSD#,NONE,SELL,,,,,0,D,0,False,ASIA_PREOPEN,,,,,,False,,,NO_STRATEGY_SIGNAL,NO_VALID_SETUP,REJECT,BLOCK,N/A,NOT_SENT,SETUP_HUNTER
2026-06-22T23:26:07.873015+00:00,2026-06-23 00:26:07,2026-06-23 00:00 CASA,GOLD#,GOLD#,NONE,SELL,,,,,0,D,0,False,ASIA_PREOPEN,,,,,,False,,,NO_STRATEGY_SIGNAL,NO_VALID_SETUP,REJECT,BLOCK,N/A,NOT_SENT,SETUP_HUNTER
2026-06-22T23:26:16.097164+00:00,2026-06-23 00:26:16,2026-06-23 00:00 CASA,EURUSD,EURUSD,NONE,SELL,,,,,0,D,0,False,ASIA_PREOPEN,,,,,,False,,,NO_STRATEGY_SIGNAL,NO_VALID_SETUP,REJECT,BLOCK,N/A,NOT_SENT,SETUP_HUNTER
2026-06-22T23:26:27.349068+00:00,2026-06-23 00:26:27,2026-06-23 00:00 CASA,BTCUSD#,BTCUSD#,NONE,SELL,,,,,0,D,0,False,ASIA_PREOPEN,,,,,,False,,,NO_STRATEGY_SIGNAL,NO_VALID_SETUP,REJECT,BLOCK,N/A,NOT_SENT,SETUP_HUNTER
2026-06-22T23:26:34.444594+00:00,2026-06-23 00:26:34,2026-06-23 00:00 CASA,GOLD#,GOLD#,NONE,SELL,,,,,0,D,0,False,ASIA_PREOPEN,,,,,,False,,,NO_STRATEGY_SIGNAL,NO_VALID_SETUP,REJECT,BLOCK,N/A,NOT_SENT,SETUP_HUNTER
2026-06-22T23:26:42.900610+00:00,2026-06-23 00:26:42,2026-06-23 00:00 CASA,EURUSD,EURUSD,NONE,BUY,,,,,0,D,0,False,ASIA_PREOPEN,,,,,,False,,,NO_STRATEGY_SIGNAL,NO_VALID_SETUP,REJECT,BLOCK,N/A,NOT_SENT,SETUP_HUNTER
2026-06-22T23:26:50.036391+00:00,2026-06-23 00:26:50,2026-06-23 00:00 CASA,BTCUSD#,BTCUSD#,NONE,SELL,,,,,0,D,0,False,ASIA_PREOPEN,,,,,,False,,,NO_STRATEGY_SIGNAL,NO_VALID_SETUP,REJECT,BLOCK,N/A,NOT_SENT,SETUP_HUNTER
2026-06-22T23:26:58.963816+00:00,2026-06-23 00:26:58,2026-06-23 00:00 CASA,GOLD#,GOLD#,NONE,SELL,,,,,0,D,0,False,ASIA_PREOPEN,,,,,,False,,,NO_STRATEGY_SIGNAL,NO_VALID_SETUP,REJECT,BLOCK,N/A,NOT_SENT,SETUP_HUNTER
2026-06-22T23:27:07.414158+00:00,2026-06-23 00:27:07,2026-06-23 00:00 CASA,EURUSD,EURUSD,NONE,BUY,,,,,0,D,0,False,ASIA_PREOPEN,,,,,,False,,,NO_STRATEGY_SIGNAL,NO_VALID_SETUP,REJECT,BLOCK,N/A,NOT_SENT,SETUP_HUNTER
2026-06-22T23:27:16.366769+00:00,2026-06-23 00:27:16,2026-06-23 00:00 CASA,BTCUSD#,BTCUSD#,NONE,SELL,,,,,0,D,0,False,ASIA_PREOPEN,,,,,,False,,,NO_STRATEGY_SIGNAL,NO_VALID_SETUP,REJECT,BLOCK,N/A,NOT_SENT,SETUP_HUNTER
2026-06-22T23:27:23.172496+00:00,2026-06-23 00:27:23,2026-06-23 00:00 CASA,GOLD#,GOLD#,NONE,BUY,,,,,0,D,0,False,ASIA_PREOPEN,,,,,,False,,,NO_STRATEGY_SIGNAL,NO_VALID_SETUP,REJECT,BLOCK,N/A,NOT_SENT,SETUP_HUNTER
2026-06-22T23:27:31.505107+00:00,2026-06-23 00:27:31,2026-06-23 00:00 CASA,EURUSD,EURUSD,NONE,BUY,,,,,0,D,0,False,ASIA_PREOPEN,,,,,,False,,,NO_STRATEGY_SIGNAL,NO_VALID_SETUP,REJECT,BLOCK,N/A,NOT_SENT,SETUP_HUNTER
2026-06-22T23:27:40.592463+00:00,2026-06-23 00:27:40,2026-06-23 00:00 CASA,BTCUSD#,BTCUSD#,NONE,SELL,,,,,0,D,0,False,ASIA_PREOPEN,,,,,,False,,,NO_STRATEGY_SIGNAL,NO_VALID_SETUP,REJECT,BLOCK,N/A,NOT_SENT,SETUP_HUNTER
2026-06-22T23:27:51.329547+00:00,2026-06-23 00:27:51,2026-06-23 00:00 CASA,GOLD#,GOLD#,NONE,BUY,,,,,0,D,0,False,ASIA_PREOPEN,,,,,,False,,,NO_STRATEGY_SIGNAL,NO_VALID_SETUP,REJECT,BLOCK,N/A,NOT_SENT,SETUP_HUNTER
2026-06-22T23:27:59.798492+00:00,2026-06-23 00:27:59,2026-06-23 00:00 CASA,EURUSD,EURUSD,NONE,BUY,,,,,0,D,0,False,ASIA_PREOPEN,,,,,,False,,,NO_STRATEGY_SIGNAL,NO_VALID_SETUP,REJECT,BLOCK,N/A,NOT_SENT,SETUP_HUNTER
2026-06-22T23:28:08.939342+00:00,2026-06-23 00:28:08,2026-06-23 00:00 CASA,BTCUSD#,BTCUSD#,NONE,SELL,,,,,0,D,0,False,ASIA_PREOPEN,,,,,,False,,,NO_STRATEGY_SIGNAL,NO_VALID_SETUP,REJECT,BLOCK,N/A,NOT_SENT,SETUP_HUNTER
2026-06-22T23:28:18.172854+00:00,2026-06-23 00:28:18,2026-06-23 00:00 CASA,GOLD#,GOLD#,NONE,BUY,,,,,0,D,0,False,ASIA_PREOPEN,,,,,,False,,,NO_STRATEGY_SIGNAL,NO_VALID_SETUP,REJECT,BLOCK,N/A,NOT_SENT,SETUP_HUNTER
2026-06-22T23:28:24.427268+00:00,2026-06-23 00:28:24,2026-06-23 00:00 CASA,EURUSD,EURUSD,NONE,BUY,,,,,0,D,0,False,ASIA_PREOPEN,,,,,,False,,,NO_STRATEGY_SIGNAL,NO_VALID_SETUP,REJECT,BLOCK,N/A,NOT_SENT,SETUP_HUNTER
2026-06-22T23:28:33.483849+00:00,2026-06-23 00:28:33,2026-06-23 00:00 CASA,BTCUSD#,BTCUSD#,NONE,SELL,,,,,0,D,0,False,ASIA_PREOPEN,,,,,,False,,,NO_STRATEGY_SIGNAL,NO_VALID_SETUP,REJECT,BLOCK,N/A,NOT_SENT,SETUP_HUNTER
2026-06-22T23:28:42.439328+00:00,2026-06-23 00:28:42,2026-06-23 00:00 CASA,GOLD#,GOLD#,NONE,BUY,,,,,0,D,0,False,ASIA_PREOPEN,,,,,,False,,,NO_STRATEGY_SIGNAL,NO_VALID_SETUP,REJECT,BLOCK,N/A,NOT_SENT,SETUP_HUNTER
2026-06-22T23:28:48.680468+00:00,2026-06-23 00:28:48,2026-06-23 00:00 CASA,EURUSD,EURUSD,NONE,BUY,,,,,0,D,0,False,ASIA_PREOPEN,,,,,,False,,,NO_STRATEGY_SIGNAL,NO_VALID_SETUP,REJECT,BLOCK,N/A,NOT_SENT,SETUP_HUNTER
2026-06-22T23:28:57.878924+00:00,2026-06-23 00:28:57,2026-06-23 00:00 CASA,BTCUSD#,BTCUSD#,NONE,SELL,,,,,0,D,0,False,ASIA_PREOPEN,,,,,,False,,,NO_STRATEGY_SIGNAL,NO_VALID_SETUP,REJECT,BLOCK,N/A,NOT_SENT,SETUP_HUNTER
2026-06-22T23:29:08.845995+00:00,2026-06-23 00:29:08,2026-06-23 00:00 CASA,GOLD#,GOLD#,NONE,BUY,,,,,0,D,0,False,ASIA_PREOPEN,,,,,,False,,,NO_STRATEGY_SIGNAL,NO_VALID_SETUP,REJECT,BLOCK,N/A,NOT_SENT,SETUP_HUNTER
2026-06-22T23:29:17.683326+00:00,2026-06-23 00:29:17,2026-06-23 00:00 CASA,EURUSD,EURUSD,NONE,SELL,,,,,0,D,0,False,ASIA_PREOPEN,,,,,,False,,,NO_STRATEGY_SIGNAL,NO_VALID_SETUP,REJECT,BLOCK,N/A,NOT_SENT,SETUP_HUNTER
2026-06-22T23:29:25.158551+00:00,2026-06-23 00:29:25,2026-06-23 00:00 CASA,BTCUSD#,BTCUSD#,NONE,SELL,,,,,0,D,0,False,ASIA_PREOPEN,,,,,,False,,,NO_STRATEGY_SIGNAL,NO_VALID_SETUP,REJECT,BLOCK,N/A,NOT_SENT,SETUP_HUNTER
2026-06-22T23:29:34.083037+00:00,2026-06-23 00:29:34,2026-06-23 00:00 CASA,GOLD#,GOLD#,NONE,BUY,,,,,0,D,0,False,ASIA_PREOPEN,,,,,,False,,,NO_STRATEGY_SIGNAL,NO_VALID_SETUP,REJECT,BLOCK,N/A,NOT_SENT,SETUP_HUNTER
2026-06-22T23:29:42.116157+00:00,2026-06-23 00:29:42,2026-06-23 00:00 CASA,EURUSD,EURUSD,NONE,SELL,,,,,0,D,0,False,ASIA_PREOPEN,,,,,,False,,,NO_STRATEGY_SIGNAL,NO_VALID_SETUP,REJECT,BLOCK,N/A,NOT_SENT,SETUP_HUNTER
2026-06-22T23:29:51.069076+00:00,2026-06-23 00:29:51,2026-06-23 00:00 CASA,BTCUSD#,BTCUSD#,NONE,SELL,,,,,0,D,0,False,ASIA_PREOPEN,,,,,,False,,,NO_STRATEGY_SIGNAL,NO_VALID_SETUP,REJECT,BLOCK,N/A,NOT_SENT,SETUP_HUNTER
2026-06-22T23:29:59.687030+00:00,2026-06-23 00:29:59,2026-06-23 00:00 CASA,GOLD#,GOLD#,NONE,BUY,,,,,0,D,0,False,ASIA_PREOPEN,,,,,,False,,,NO_STRATEGY_SIGNAL,NO_VALID_SETUP,REJECT,BLOCK,N/A,NOT_SENT,SETUP_HUNTER
2026-06-22T23:30:08.016370+00:00,2026-06-23 00:30:08,2026-06-23 00:00 CASA,EURUSD,EURUSD,NONE,SELL,,,,,0,D,0,False,ASIA_PREOPEN,,,,,,False,,,NO_STRATEGY_SIGNAL,NO_VALID_SETUP,REJECT,BLOCK,N/A,NOT_SENT,SETUP_HUNTER
2026-06-22T23:30:17.210038+00:00,2026-06-23 00:30:17,2026-06-23 00:00 CASA,BTCUSD#,BTCUSD#,NONE,SELL,,,,,0,D,0,False,ASIA_PREOPEN,,,,,,False,,,NO_STRATEGY_SIGNAL,NO_VALID_SETUP,REJECT,BLOCK,N/A,NOT_SENT,SETUP_HUNTER
2026-06-22T23:30:23.951144+00:00,2026-06-23 00:30:23,2026-06-23 00:00 CASA,GOLD#,GOLD#,NONE,SELL,,,,,0,D,0,False,ASIA_PREOPEN,,,,,,False,,,NO_STRATEGY_SIGNAL,NO_VALID_SETUP,REJECT,BLOCK,N/A,NOT_SENT,SETUP_HUNTER
2026-06-22T23:30:30.213239+00:00,2026-06-23 00:30:30,2026-06-23 00:00 CASA,EURUSD,EURUSD,NONE,BUY,,,,,0,D,0,False,ASIA_PREOPEN,,,,,,False,,,NO_STRATEGY_SIGNAL,NO_VALID_SETUP,REJECT,BLOCK,N/A,NOT_SENT,SETUP_HUNTER
2026-06-22T23:30:41.291605+00:00,2026-06-23 00:30:41,2026-06-23 00:00 CASA,BTCUSD#,BTCUSD#,NONE,SELL,,,,,0,D,0,False,ASIA_PREOPEN,,,,,,False,,,NO_STRATEGY_SIGNAL,NO_VALID_SETUP,REJECT,BLOCK,N/A,NOT_SENT,SETUP_HUNTER
2026-06-22T23:30:51.998344+00:00,2026-06-23 00:30:51,2026-06-23 00:00 CASA,GOLD#,GOLD#,NONE,BUY,,,,,0,D,0,False,ASIA_PREOPEN,,,,,,False,,,NO_STRATEGY_SIGNAL,NO_VALID_SETUP,REJECT,BLOCK,N/A,NOT_SENT,SETUP_HUNTER
2026-06-22T23:30:58.556444+00:00,2026-06-23 00:30:58,2026-06-23 00:00 CASA,EURUSD,EURUSD,NONE,BUY,,,,,0,D,0,False,ASIA_PREOPEN,,,,,,False,,,NO_STRATEGY_SIGNAL,NO_VALID_SETUP,REJECT,BLOCK,N/A,NOT_SENT,SETUP_HUNTER
2026-06-22T23:31:09.947061+00:00,2026-06-23 00:31:09,2026-06-23 00:00 CASA,BTCUSD#,BTCUSD#,NONE,SELL,,,,,0,D,0,False,ASIA_PREOPEN,,,,,,False,,,NO_STRATEGY_SIGNAL,NO_VALID_SETUP,REJECT,BLOCK,N/A,NOT_SENT,SETUP_HUNTER
2026-06-22T23:31:21.016074+00:00,2026-06-23 00:31:21,2026-06-23 00:00 CASA,GOLD#,GOLD#,NONE,BUY,,,,,0,D,0,False,ASIA_PREOPEN,,,,,,False,,,NO_STRATEGY_SIGNAL,NO_VALID_SETUP,REJECT,BLOCK,N/A,NOT_SENT,SETUP_HUNTER
2026-06-22T23:31:27.459091+00:00,2026-06-23 00:31:27,2026-06-23 00:00 CASA,EURUSD,EURUSD,NONE,BUY,,,,,0,D,0,False,ASIA_PREOPEN,,,,,,False,,,NO_STRATEGY_SIGNAL,NO_VALID_SETUP,REJECT,BLOCK,N/A,NOT_SENT,SETUP_HUNTER
2026-06-22T23:31:38.499328+00:00,2026-06-23 00:31:38,2026-06-23 00:00 CASA,BTCUSD#,BTCUSD#,NONE,SELL,,,,,0,D,0,False,ASIA_PREOPEN,,,,,,False,,,NO_STRATEGY_SIGNAL,NO_VALID_SETUP,REJECT,BLOCK,N/A,NOT_SENT,SETUP_HUNTER
2026-06-22T23:31:49.500383+00:00,2026-06-23 00:31:49,2026-06-23 00:00 CASA,GOLD#,GOLD#,NONE,BUY,,,,,0,D,0,False,ASIA_PREOPEN,,,,,,False,,,NO_STRATEGY_SIGNAL,NO_VALID_SETUP,REJECT,BLOCK,N/A,NOT_SENT,SETUP_HUNTER
2026-06-22T23:31:55.842145+00:00,2026-06-23 00:31:55,2026-06-23 00:00 CASA,EURUSD,EURUSD,NONE,BUY,,,,,0,D,0,False,ASIA_PREOPEN,,,,,,False,,,NO_STRATEGY_SIGNAL,NO_VALID_SETUP,REJECT,BLOCK,N/A,NOT_SENT,SETUP_HUNTER
2026-06-22T23:32:07.115594+00:00,2026-06-23 00:32:07,2026-06-23 00:00 CASA,BTCUSD#,BTCUSD#,NONE,SELL,,,,,0,D,0,False,ASIA_PREOPEN,,,,,,False,,,NO_STRATEGY_SIGNAL,NO_VALID_SETUP,REJECT,BLOCK,N/A,NOT_SENT,SETUP_HUNTER
2026-06-22T23:32:17.928926+00:00,2026-06-23 00:32:17,2026-06-23 00:00 CASA,GOLD#,GOLD#,NONE,BUY,,,,,0,D,0,False,ASIA_PREOPEN,,,,,,False,,,NO_STRATEGY_SIGNAL,NO_VALID_SETUP,REJECT,BLOCK,N/A,NOT_SENT,SETUP_HUNTER
2026-06-22T23:32:24.445647+00:00,2026-06-23 00:32:24,2026-06-23 00:00 CASA,EURUSD,EURUSD,NONE,BUY,,,,,0,D,0,False,ASIA_PREOPEN,,,,,,False,,,NO_STRATEGY_SIGNAL,NO_VALID_SETUP,REJECT,BLOCK,N/A,NOT_SENT,SETUP_HUNTER
2026-06-22T23:32:35.619560+00:00,2026-06-23 00:32:35,2026-06-23 00:00 CASA,BTCUSD#,BTCUSD#,NONE,SELL,,,,,0,D,0,False,ASIA_PREOPEN,,,,,,False,,,NO_STRATEGY_SIGNAL,NO_VALID_SETUP,REJECT,BLOCK,N/A,NOT_SENT,SETUP_HUNTER
2026-06-22T23:32:46.375442+00:00,2026-06-23 00:32:46,2026-06-23 00:00 CASA,GOLD#,GOLD#,NONE,BUY,,,,,0,D,0,False,ASIA_PREOPEN,,,,,,False,,,NO_STRATEGY_SIGNAL,NO_VALID_SETUP,REJECT,BLOCK,N/A,NOT_SENT,SETUP_HUNTER
2026-06-22T23:32:55.208005+00:00,2026-06-23 00:32:55,2026-06-23 00:00 CASA,EURUSD,EURUSD,NONE,SELL,,,,,0,D,0,False,ASIA_PREOPEN,,,,,,False,,,NO_STRATEGY_SIGNAL,NO_VALID_SETUP,REJECT,BLOCK,N/A,NOT_SENT,SETUP_HUNTER
2026-06-22T23:33:09.594169+00:00,2026-06-23 00:33:09,2026-06-23 00:00 CASA,BTCUSD#,BTCUSD#,NONE,SELL,,,,,0,D,0,False,ASIA_PREOPEN,,,,,,False,,,NO_STRATEGY_SIGNAL,NO_VALID_SETUP,REJECT,BLOCK,N/A,NOT_SENT,SETUP_HUNTER
2026-06-22T23:33:20.685304+00:00,2026-06-23 00:33:20,2026-06-23 00:00 CASA,GOLD#,GOLD#,NONE,BUY,,,,,0,D,0,False,ASIA_PREOPEN,,,,,,False,,,NO_STRATEGY_SIGNAL,NO_VALID_SETUP,REJECT,BLOCK,N/A,NOT_SENT,SETUP_HUNTER
2026-06-22T23:33:26.894622+00:00,2026-06-23 00:33:26,2026-06-23 00:00 CASA,EURUSD,EURUSD,NONE,BUY,,,,,0,D,0,False,ASIA_PREOPEN,,,,,,False,,,NO_STRATEGY_SIGNAL,NO_VALID_SETUP,REJECT,BLOCK,N/A,NOT_SENT,SETUP_HUNTER
2026-06-22T23:33:39.639270+00:00,2026-06-23 00:33:39,2026-06-23 00:00 CASA,BTCUSD#,BTCUSD#,NONE,SELL,,,,,0,D,0,False,ASIA_PREOPEN,,,,,,False,,,NO_STRATEGY_SIGNAL,NO_VALID_SETUP,REJECT,BLOCK,N/A,NOT_SENT,SETUP_HUNTER
2026-06-22T23:33:50.419571+00:00,2026-06-23 00:33:50,2026-06-23 00:00 CASA,GOLD#,GOLD#,NONE,BUY,,,,,0,D,0,False,ASIA_PREOPEN,,,,,,False,,,NO_STRATEGY_SIGNAL,NO_VALID_SETUP,REJECT,BLOCK,N/A,NOT_SENT,SETUP_HUNTER
2026-06-22T23:33:56.670478+00:00,2026-06-23 00:33:56,2026-06-23 00:00 CASA,EURUSD,EURUSD,NONE,BUY,,,,,0,D,0,False,ASIA_PREOPEN,,,,,,False,,,NO_STRATEGY_SIGNAL,NO_VALID_SETUP,REJECT,BLOCK,N/A,NOT_SENT,SETUP_HUNTER
2026-06-22T23:34:07.766543+00:00,2026-06-23 00:34:07,2026-06-23 00:00 CASA,BTCUSD#,BTCUSD#,NONE,SELL,,,,,0,D,0,False,ASIA_PREOPEN,,,,,,False,,,NO_STRATEGY_SIGNAL,NO_VALID_SETUP,REJECT,BLOCK,N/A,NOT_SENT,SETUP_HUNTER
2026-06-22T23:34:20.065135+00:00,2026-06-23 00:34:20,2026-06-23 00:00 CASA,GOLD#,GOLD#,NONE,BUY,,,,,0,D,0,False,ASIA_PREOPEN,,,,,,False,,,NO_STRATEGY_SIGNAL,NO_VALID_SETUP,REJECT,BLOCK,N/A,NOT_SENT,SETUP_HUNTER
2026-06-22T23:34:26.332636+00:00,2026-06-23 00:34:26,2026-06-23 00:00 CASA,EURUSD,EURUSD,NONE,BUY,,,,,0,D,0,False,ASIA_PREOPEN,,,,,,False,,,NO_STRATEGY_SIGNAL,NO_VALID_SETUP,REJECT,BLOCK,N/A,NOT_SENT,SETUP_HUNTER
2026-06-22T23:34:39.039486+00:00,2026-06-23 00:34:39,2026-06-23 00:00 CASA,BTCUSD#,BTCUSD#,NONE,SELL,,,,,0,D,0,False,ASIA_PREOPEN,,,,,,False,,,NO_STRATEGY_SIGNAL,NO_VALID_SETUP,REJECT,BLOCK,N/A,NOT_SENT,SETUP_HUNTER
2026-06-22T23:34:49.867114+00:00,2026-06-23 00:34:49,2026-06-23 00:00 CASA,GOLD#,GOLD#,NONE,BUY,,,,,0,D,0,False,ASIA_PREOPEN,,,,,,False,,,NO_STRATEGY_SIGNAL,NO_VALID_SETUP,REJECT,BLOCK,N/A,NOT_SENT,SETUP_HUNTER
2026-06-22T23:34:58.156098+00:00,2026-06-23 00:34:58,2026-06-23 00:00 CASA,EURUSD,EURUSD,NONE,SELL,,,,,0,D,0,False,ASIA_PREOPEN,,,,,,False,,,NO_STRATEGY_SIGNAL,NO_VALID_SETUP,REJECT,BLOCK,N/A,NOT_SENT,SETUP_HUNTER
2026-06-22T23:35:08.941273+00:00,2026-06-23 00:35:08,2026-06-23 00:00 CASA,BTCUSD#,BTCUSD#,NONE,SELL,,,,,0,D,0,False,ASIA_PREOPEN,,,,,,False,,,NO_STRATEGY_SIGNAL,NO_VALID_SETUP,REJECT,BLOCK,N/A,NOT_SENT,SETUP_HUNTER
2026-06-22T23:35:17.716096+00:00,2026-06-23 00:35:17,2026-06-23 00:00 CASA,GOLD#,GOLD#,NONE,BUY,,,,,0,D,0,False,ASIA_PREOPEN,,,,,,False,,,NO_STRATEGY_SIGNAL,NO_VALID_SETUP,REJECT,BLOCK,N/A,NOT_SENT,SETUP_HUNTER
2026-06-22T23:35:25.922186+00:00,2026-06-23 00:35:25,2026-06-23 00:00 CASA,EURUSD,EURUSD,NONE,SELL,,,,,0,D,0,False,ASIA_PREOPEN,,,,,,False,,,NO_STRATEGY_SIGNAL,NO_VALID_SETUP,REJECT,BLOCK,N/A,NOT_SENT,SETUP_HUNTER
2026-06-22T23:35:36.635655+00:00,2026-06-23 00:35:36,2026-06-23 00:00 CASA,BTCUSD#,BTCUSD#,NONE,SELL,,,,,0,D,0,False,ASIA_PREOPEN,,,,,,False,,,NO_STRATEGY_SIGNAL,NO_VALID_SETUP,REJECT,BLOCK,N/A,NOT_SENT,SETUP_HUNTER
2026-06-22T23:35:43.510646+00:00,2026-06-23 00:35:43,2026-06-23 00:00 CASA,GOLD#,GOLD#,NONE,BUY,,,,,0,D,0,False,ASIA_PREOPEN,,,,,,False,,,NO_STRATEGY_SIGNAL,NO_VALID_SETUP,REJECT,BLOCK,N/A,NOT_SENT,SETUP_HUNTER
2026-06-22T23:35:51.741829+00:00,2026-06-23 00:35:51,2026-06-23 00:00 CASA,EURUSD,EURUSD,NONE,BUY,,,,,0,D,0,False,ASIA_PREOPEN,,,,,,False,,,NO_STRATEGY_SIGNAL,NO_VALID_SETUP,REJECT,BLOCK,N/A,NOT_SENT,SETUP_HUNTER
2026-06-22T23:36:02.995208+00:00,2026-06-23 00:36:02,2026-06-23 00:00 CASA,BTCUSD#,BTCUSD#,NONE,SELL,,,,,0,D,0,False,ASIA_PREOPEN,,,,,,False,,,NO_STRATEGY_SIGNAL,NO_VALID_SETUP,REJECT,BLOCK,N/A,NOT_SENT,SETUP_HUNTER
2026-06-22T23:36:12.035479+00:00,2026-06-23 00:36:12,2026-06-23 00:00 CASA,GOLD#,GOLD#,NONE,BUY,,,,,0,D,0,False,ASIA_PREOPEN,,,,,,False,,,NO_STRATEGY_SIGNAL,NO_VALID_SETUP,REJECT,BLOCK,N/A,NOT_SENT,SETUP_HUNTER
2026-06-22T23:36:20.338831+00:00,2026-06-23 00:36:20,2026-06-23 00:00 CASA,EURUSD,EURUSD,NONE,BUY,,,,,0,D,0,False,ASIA_PREOPEN,,,,,,False,,,NO_STRATEGY_SIGNAL,NO_VALID_SETUP,REJECT,BLOCK,N/A,NOT_SENT,SETUP_HUNTER
2026-06-22T23:36:31.359742+00:00,2026-06-23 00:36:31,2026-06-23 00:00 CASA,BTCUSD#,BTCUSD#,NONE,SELL,,,,,0,D,0,False,ASIA_PREOPEN,,,,,,False,,,NO_STRATEGY_SIGNAL,NO_VALID_SETUP,REJECT,BLOCK,N/A,NOT_SENT,SETUP_HUNTER
2026-06-22T23:36:40.078413+00:00,2026-06-23 00:36:40,2026-06-23 00:00 CASA,GOLD#,GOLD#,NONE,BUY,,,,,0,D,0,False,ASIA_PREOPEN,,,,,,False,,,NO_STRATEGY_SIGNAL,NO_VALID_SETUP,REJECT,BLOCK,N/A,NOT_SENT,SETUP_HUNTER
2026-06-22T23:36:48.357808+00:00,2026-06-23 00:36:48,2026-06-23 00:00 CASA,EURUSD,EURUSD,NONE,BUY,,,,,0,D,0,False,ASIA_PREOPEN,,,,,,False,,,NO_STRATEGY_SIGNAL,NO_VALID_SETUP,REJECT,BLOCK,N/A,NOT_SENT,SETUP_HUNTER
2026-06-22T23:36:59.258603+00:00,2026-06-23 00:36:59,2026-06-23 00:00 CASA,BTCUSD#,BTCUSD#,NONE,SELL,,,,,0,D,0,False,ASIA_PREOPEN,,,,,,False,,,NO_STRATEGY_SIGNAL,NO_VALID_SETUP,REJECT,BLOCK,N/A,NOT_SENT,SETUP_HUNTER
2026-06-22T23:37:08.175417+00:00,2026-06-23 00:37:08,2026-06-23 00:00 CASA,GOLD#,GOLD#,NONE,BUY,,,,,0,D,0,False,ASIA_PREOPEN,,,,,,False,,,NO_STRATEGY_SIGNAL,NO_VALID_SETUP,REJECT,BLOCK,N/A,NOT_SENT,SETUP_HUNTER
2026-06-22T23:37:16.490660+00:00,2026-06-23 00:37:16,2026-06-23 00:00 CASA,EURUSD,EURUSD,NONE,BUY,,,,,0,D,0,False,ASIA_PREOPEN,,,,,,False,,,NO_STRATEGY_SIGNAL,NO_VALID_SETUP,REJECT,BLOCK,N/A,NOT_SENT,SETUP_HUNTER
2026-06-22T23:37:25.701203+00:00,2026-06-23 00:37:25,2026-06-23 00:00 CASA,BTCUSD#,BTCUSD#,NONE,SELL,,,,,0,D,0,False,ASIA_PREOPEN,,,,,,False,,,NO_STRATEGY_SIGNAL,NO_VALID_SETUP,REJECT,BLOCK,N/A,NOT_SENT,SETUP_HUNTER
2026-06-22T23:37:34.711781+00:00,2026-06-23 00:37:34,2026-06-23 00:00 CASA,GOLD#,GOLD#,NONE,BUY,,,,,0,D,0,False,ASIA_PREOPEN,,,,,,False,,,NO_STRATEGY_SIGNAL,NO_VALID_SETUP,REJECT,BLOCK,N/A,NOT_SENT,SETUP_HUNTER
2026-06-22T23:37:41.111065+00:00,2026-06-23 00:37:41,2026-06-23 00:00 CASA,EURUSD,EURUSD,NONE,BUY,,,,,0,D,0,False,ASIA_PREOPEN,,,,,,False,,,NO_STRATEGY_SIGNAL,NO_VALID_SETUP,REJECT,BLOCK,N/A,NOT_SENT,SETUP_HUNTER
2026-06-22T23:37:50.236957+00:00,2026-06-23 00:37:50,2026-06-23 00:00 CASA,BTCUSD#,BTCUSD#,NONE,SELL,,,,,0,D,0,False,ASIA_PREOPEN,,,,,,False,,,NO_STRATEGY_SIGNAL,NO_VALID_SETUP,REJECT,BLOCK,N/A,NOT_SENT,SETUP_HUNTER
2026-06-22T23:37:58.980509+00:00,2026-06-23 00:37:58,2026-06-23 00:00 CASA,GOLD#,GOLD#,NONE,BUY,,,,,0,D,0,False,ASIA_PREOPEN,,,,,,False,,,NO_STRATEGY_SIGNAL,NO_VALID_SETUP,REJECT,BLOCK,N/A,NOT_SENT,SETUP_HUNTER
2026-06-22T23:38:05.340045+00:00,2026-06-23 00:38:05,2026-06-23 00:00 CASA,EURUSD,EURUSD,NONE,BUY,,,,,0,D,0,False,ASIA_PREOPEN,,,,,,False,,,NO_STRATEGY_SIGNAL,NO_VALID_SETUP,REJECT,BLOCK,N/A,NOT_SENT,SETUP_HUNTER
2026-06-22T23:38:14.206205+00:00,2026-06-23 00:38:14,2026-06-23 00:00 CASA,BTCUSD#,BTCUSD#,NONE,SELL,,,,,0,D,0,False,ASIA_PREOPEN,,,,,,False,,,NO_STRATEGY_SIGNAL,NO_VALID_SETUP,REJECT,BLOCK,N/A,NOT_SENT,SETUP_HUNTER
2026-06-22T23:38:20.783618+00:00,2026-06-23 00:38:20,2026-06-23 00:00 CASA,GOLD#,GOLD#,NONE,BUY,,,,,0,D,0,False,ASIA_PREOPEN,,,,,,False,,,NO_STRATEGY_SIGNAL,NO_VALID_SETUP,REJECT,BLOCK,N/A,NOT_SENT,SETUP_HUNTER
2026-06-22T23:38:29.012286+00:00,2026-06-23 00:38:29,2026-06-23 00:00 CASA,EURUSD,EURUSD,NONE,BUY,,,,,0,D,0,False,ASIA_PREOPEN,,,,,,False,,,NO_STRATEGY_SIGNAL,NO_VALID_SETUP,REJECT,BLOCK,N/A,NOT_SENT,SETUP_HUNTER
2026-06-22T23:38:37.938352+00:00,2026-06-23 00:38:37,2026-06-23 00:00 CASA,BTCUSD#,BTCUSD#,NONE,SELL,,,,,0,D,0,False,ASIA_PREOPEN,,,,,,False,,,NO_STRATEGY_SIGNAL,NO_VALID_SETUP,REJECT,BLOCK,N/A,NOT_SENT,SETUP_HUNTER
2026-06-22T23:38:44.889637+00:00,2026-06-23 00:38:44,2026-06-23 00:00 CASA,GOLD#,GOLD#,NONE,BUY,,,,,0,D,0,False,ASIA_PREOPEN,,,,,,False,,,NO_STRATEGY_SIGNAL,NO_VALID_SETUP,REJECT,BLOCK,N/A,NOT_SENT,SETUP_HUNTER
2026-06-22T23:38:53.128942+00:00,2026-06-23 00:38:53,2026-06-23 00:00 CASA,EURUSD,EURUSD,NONE,BUY,,,,,0,D,0,False,ASIA_PREOPEN,,,,,,False,,,NO_STRATEGY_SIGNAL,NO_VALID_SETUP,REJECT,BLOCK,N/A,NOT_SENT,SETUP_HUNTER
2026-06-22T23:39:02.293576+00:00,2026-06-23 00:39:02,2026-06-23 00:00 CASA,BTCUSD#,BTCUSD#,NONE,SELL,,,,,0,D,0,False,ASIA_PREOPEN,,,,,,False,,,NO_STRATEGY_SIGNAL,NO_VALID_SETUP,REJECT,BLOCK,N/A,NOT_SENT,SETUP_HUNTER
2026-06-22T23:39:09.078151+00:00,2026-06-23 00:39:09,2026-06-23 00:00 CASA,GOLD#,GOLD#,NONE,BUY,,,,,0,D,0,False,ASIA_PREOPEN,,,,,,False,,,NO_STRATEGY_SIGNAL,NO_VALID_SETUP,REJECT,BLOCK,N/A,NOT_SENT,SETUP_HUNTER
2026-06-22T23:39:17.459586+00:00,2026-06-23 00:39:17,2026-06-23 00:00 CASA,EURUSD,EURUSD,NONE,BUY,,,,,0,D,0,False,ASIA_PREOPEN,,,,,,False,,,NO_STRATEGY_SIGNAL,NO_VALID_SETUP,REJECT,BLOCK,N/A,NOT_SENT,SETUP_HUNTER
2026-06-22T23:39:27.354538+00:00,2026-06-23 00:39:27,2026-06-23 00:00 CASA,BTCUSD#,BTCUSD#,NONE,SELL,,,,,0,D,0,False,ASIA_PREOPEN,,,,,,False,,,NO_STRATEGY_SIGNAL,NO_VALID_SETUP,REJECT,BLOCK,N/A,NOT_SENT,SETUP_HUNTER
2026-06-22T23:39:34.176782+00:00,2026-06-23 00:39:34,2026-06-23 00:00 CASA,GOLD#,GOLD#,NONE,BUY,,,,,0,D,0,False,ASIA_PREOPEN,,,,,,False,,,NO_STRATEGY_SIGNAL,NO_VALID_SETUP,REJECT,BLOCK,N/A,NOT_SENT,SETUP_HUNTER
2026-06-22T23:39:42.283700+00:00,2026-06-23 00:39:42,2026-06-23 00:00 CASA,EURUSD,EURUSD,NONE,BUY,,,,,0,D,0,False,ASIA_PREOPEN,,,,,,False,,,NO_STRATEGY_SIGNAL,NO_VALID_SETUP,REJECT,BLOCK,N/A,NOT_SENT,SETUP_HUNTER
2026-06-22T23:39:51.359782+00:00,2026-06-23 00:39:51,2026-06-23 00:00 CASA,BTCUSD#,BTCUSD#,NONE,SELL,,,,,0,D,0,False,ASIA_PREOPEN,,,,,,False,,,NO_STRATEGY_SIGNAL,NO_VALID_SETUP,REJECT,BLOCK,N/A,NOT_SENT,SETUP_HUNTER
2026-06-22T23:40:00.329825+00:00,2026-06-23 00:40:00,2026-06-23 00:00 CASA,GOLD#,GOLD#,NONE,BUY,,,,,0,D,0,False,ASIA_PREOPEN,,,,,,False,,,NO_STRATEGY_SIGNAL,NO_VALID_SETUP,REJECT,BLOCK,N/A,NOT_SENT,SETUP_HUNTER
2026-06-22T23:40:08.569976+00:00,2026-06-23 00:40:08,2026-06-23 00:00 CASA,EURUSD,EURUSD,NONE,BUY,,,,,0,D,0,False,ASIA_PREOPEN,,,,,,False,,,NO_STRATEGY_SIGNAL,NO_VALID_SETUP,REJECT,BLOCK,N/A,NOT_SENT,SETUP_HUNTER
2026-06-22T23:40:17.755609+00:00,2026-06-23 00:40:17,2026-06-23 00:00 CASA,BTCUSD#,BTCUSD#,NONE,SELL,,,,,0,D,0,False,ASIA_PREOPEN,,,,,,False,,,NO_STRATEGY_SIGNAL,NO_VALID_SETUP,REJECT,BLOCK,N/A,NOT_SENT,SETUP_HUNTER
2026-06-22T23:40:26.533200+00:00,2026-06-23 00:40:26,2026-06-23 00:00 CASA,GOLD#,GOLD#,NONE,BUY,,,,,0,D,0,False,ASIA_PREOPEN,,,,,,False,,,NO_STRATEGY_SIGNAL,NO_VALID_SETUP,REJECT,BLOCK,N/A,NOT_SENT,SETUP_HUNTER
2026-06-22T23:40:34.785037+00:00,2026-06-23 00:40:34,2026-06-23 00:00 CASA,EURUSD,EURUSD,NONE,BUY,,,,,0,D,0,False,ASIA_PREOPEN,,,,,,False,,,NO_STRATEGY_SIGNAL,NO_VALID_SETUP,REJECT,BLOCK,N/A,NOT_SENT,SETUP_HUNTER
2026-06-22T23:40:44.161984+00:00,2026-06-23 00:40:44,2026-06-23 00:00 CASA,BTCUSD#,BTCUSD#,NONE,SELL,,,,,0,D,0,False,ASIA_PREOPEN,,,,,,False,,,NO_STRATEGY_SIGNAL,NO_VALID_SETUP,REJECT,BLOCK,N/A,NOT_SENT,SETUP_HUNTER
2026-06-22T23:40:53.246248+00:00,2026-06-23 00:40:53,2026-06-23 00:00 CASA,GOLD#,GOLD#,NONE,BUY,,,,,0,D,0,False,ASIA_PREOPEN,,,,,,False,,,NO_STRATEGY_SIGNAL,NO_VALID_SETUP,REJECT,BLOCK,N/A,NOT_SENT,SETUP_HUNTER
2026-06-22T23:41:01.230717+00:00,2026-06-23 00:41:01,2026-06-23 00:00 CASA,EURUSD,EURUSD,NONE,BUY,,,,,0,D,0,False,ASIA_PREOPEN,,,,,,False,,,NO_STRATEGY_SIGNAL,NO_VALID_SETUP,REJECT,BLOCK,N/A,NOT_SENT,SETUP_HUNTER
2026-06-22T23:41:10.185633+00:00,2026-06-23 00:41:10,2026-06-23 00:00 CASA,BTCUSD#,BTCUSD#,NONE,SELL,,,,,0,D,0,False,ASIA_PREOPEN,,,,,,False,,,NO_STRATEGY_SIGNAL,NO_VALID_SETUP,REJECT,BLOCK,N/A,NOT_SENT,SETUP_HUNTER
2026-06-22T23:41:19.099617+00:00,2026-06-23 00:41:19,2026-06-23 00:00 CASA,GOLD#,GOLD#,NONE,BUY,,,,,0,D,0,False,ASIA_PREOPEN,,,,,,False,,,NO_STRATEGY_SIGNAL,NO_VALID_SETUP,REJECT,BLOCK,N/A,NOT_SENT,SETUP_HUNTER
2026-06-22T23:41:27.317167+00:00,2026-06-23 00:41:27,2026-06-23 00:00 CASA,EURUSD,EURUSD,NONE,BUY,,,,,0,D,0,False,ASIA_PREOPEN,,,,,,False,,,NO_STRATEGY_SIGNAL,NO_VALID_SETUP,REJECT,BLOCK,N/A,NOT_SENT,SETUP_HUNTER
2026-06-22T23:41:36.132353+00:00,2026-06-23 00:41:36,2026-06-23 00:00 CASA,BTCUSD#,BTCUSD#,NONE,SELL,,,,,0,D,0,False,ASIA_PREOPEN,,,,,,False,,,NO_STRATEGY_SIGNAL,NO_VALID_SETUP,REJECT,BLOCK,N/A,NOT_SENT,SETUP_HUNTER
2026-06-22T23:41:45.063145+00:00,2026-06-23 00:41:45,2026-06-23 00:00 CASA,GOLD#,GOLD#,NONE,BUY,,,,,0,D,0,False,ASIA_PREOPEN,,,,,,False,,,NO_STRATEGY_SIGNAL,NO_VALID_SETUP,REJECT,BLOCK,N/A,NOT_SENT,SETUP_HUNTER
2026-06-22T23:41:53.510188+00:00,2026-06-23 00:41:53,2026-06-23 00:00 CASA,EURUSD,EURUSD,NONE,BUY,,,,,0,D,0,False,ASIA_PREOPEN,,,,,,False,,,NO_STRATEGY_SIGNAL,NO_VALID_SETUP,REJECT,BLOCK,N/A,NOT_SENT,SETUP_HUNTER
2026-06-22T23:42:04.566990+00:00,2026-06-23 00:42:04,2026-06-23 00:00 CASA,BTCUSD#,BTCUSD#,NONE,SELL,,,,,0,D,0,False,ASIA_PREOPEN,,,,,,False,,,NO_STRATEGY_SIGNAL,NO_VALID_SETUP,REJECT,BLOCK,N/A,NOT_SENT,SETUP_HUNTER
2026-06-22T23:42:13.614046+00:00,2026-06-23 00:42:13,2026-06-23 00:00 CASA,GOLD#,GOLD#,NONE,BUY,,,,,0,D,0,False,ASIA_PREOPEN,,,,,,False,,,NO_STRATEGY_SIGNAL,NO_VALID_SETUP,REJECT,BLOCK,N/A,NOT_SENT,SETUP_HUNTER
2026-06-22T23:42:21.929509+00:00,2026-06-23 00:42:21,2026-06-23 00:00 CASA,EURUSD,EURUSD,NONE,BUY,,,,,0,D,0,False,ASIA_PREOPEN,,,,,,False,,,NO_STRATEGY_SIGNAL,NO_VALID_SETUP,REJECT,BLOCK,N/A,NOT_SENT,SETUP_HUNTER
2026-06-22T23:42:32.865989+00:00,2026-06-23 00:42:32,2026-06-23 00:00 CASA,BTCUSD#,BTCUSD#,NONE,SELL,,,,,0,D,0,False,ASIA_PREOPEN,,,,,,False,,,NO_STRATEGY_SIGNAL,NO_VALID_SETUP,REJECT,BLOCK,N/A,NOT_SENT,SETUP_HUNTER
2026-06-22T23:42:41.797893+00:00,2026-06-23 00:42:41,2026-06-23 00:00 CASA,GOLD#,GOLD#,NONE,BUY,,,,,0,D,0,False,ASIA_PREOPEN,,,,,,False,,,NO_STRATEGY_SIGNAL,NO_VALID_SETUP,REJECT,BLOCK,N/A,NOT_SENT,SETUP_HUNTER
2026-06-22T23:42:49.903928+00:00,2026-06-23 00:42:49,2026-06-23 00:00 CASA,EURUSD,EURUSD,NONE,BUY,,,,,0,D,0,False,ASIA_PREOPEN,,,,,,False,,,NO_STRATEGY_SIGNAL,NO_VALID_SETUP,REJECT,BLOCK,N/A,NOT_SENT,SETUP_HUNTER
2026-06-22T23:43:00.791596+00:00,2026-06-23 00:43:00,2026-06-23 00:00 CASA,BTCUSD#,BTCUSD#,NONE,SELL,,,,,0,D,0,False,ASIA_PREOPEN,,,,,,False,,,NO_STRATEGY_SIGNAL,NO_VALID_SETUP,REJECT,BLOCK,N/A,NOT_SENT,SETUP_HUNTER
2026-06-22T23:43:09.673188+00:00,2026-06-23 00:43:09,2026-06-23 00:00 CASA,GOLD#,GOLD#,NONE,BUY,,,,,0,D,0,False,ASIA_PREOPEN,,,,,,False,,,NO_STRATEGY_SIGNAL,NO_VALID_SETUP,REJECT,BLOCK,N/A,NOT_SENT,SETUP_HUNTER
2026-06-22T23:43:17.954342+00:00,2026-06-23 00:43:17,2026-06-23 00:00 CASA,EURUSD,EURUSD,NONE,BUY,,,,,0,D,0,False,ASIA_PREOPEN,,,,,,False,,,NO_STRATEGY_SIGNAL,NO_VALID_SETUP,REJECT,BLOCK,N/A,NOT_SENT,SETUP_HUNTER
2026-06-22T23:43:28.868274+00:00,2026-06-23 00:43:28,2026-06-23 00:00 CASA,BTCUSD#,BTCUSD#,NONE,SELL,,,,,0,D,0,False,ASIA_PREOPEN,,,,,,False,,,NO_STRATEGY_SIGNAL,NO_VALID_SETUP,REJECT,BLOCK,N/A,NOT_SENT,SETUP_HUNTER
2026-06-22T23:43:40.185434+00:00,2026-06-23 00:43:40,2026-06-23 00:00 CASA,GOLD#,GOLD#,NONE,BUY,,,,,0,D,0,False,ASIA_PREOPEN,,,,,,False,,,NO_STRATEGY_SIGNAL,NO_VALID_SETUP,REJECT,BLOCK,N/A,NOT_SENT,SETUP_HUNTER
2026-06-22T23:43:48.651221+00:00,2026-06-23 00:43:48,2026-06-23 00:00 CASA,EURUSD,EURUSD,NONE,BUY,,,,,0,D,0,False,ASIA_PREOPEN,,,,,,False,,,NO_STRATEGY_SIGNAL,NO_VALID_SETUP,REJECT,BLOCK,N/A,NOT_SENT,SETUP_HUNTER
2026-06-22T23:43:59.589577+00:00,2026-06-23 00:43:59,2026-06-23 00:00 CASA,BTCUSD#,BTCUSD#,NONE,SELL,,,,,0,D,0,False,ASIA_PREOPEN,,,,,,False,,,NO_STRATEGY_SIGNAL,NO_VALID_SETUP,REJECT,BLOCK,N/A,NOT_SENT,SETUP_HUNTER
2026-06-22T23:44:08.265679+00:00,2026-06-23 00:44:08,2026-06-23 00:00 CASA,GOLD#,GOLD#,NONE,BUY,,,,,0,D,0,False,ASIA_PREOPEN,,,,,,False,,,NO_STRATEGY_SIGNAL,NO_VALID_SETUP,REJECT,BLOCK,N/A,NOT_SENT,SETUP_HUNTER
2026-06-22T23:44:16.843421+00:00,2026-06-23 00:44:16,2026-06-23 00:00 CASA,EURUSD,EURUSD,NONE,BUY,,,,,0,D,0,False,ASIA_PREOPEN,,,,,,False,,,NO_STRATEGY_SIGNAL,NO_VALID_SETUP,REJECT,BLOCK,N/A,NOT_SENT,SETUP_HUNTER
2026-06-22T23:44:28.306782+00:00,2026-06-23 00:44:28,2026-06-23 00:00 CASA,BTCUSD#,BTCUSD#,NONE,SELL,,,,,0,D,0,False,ASIA_PREOPEN,,,,,,False,,,NO_STRATEGY_SIGNAL,NO_VALID_SETUP,REJECT,BLOCK,N/A,NOT_SENT,SETUP_HUNTER
2026-06-22T23:44:37.157149+00:00,2026-06-23 00:44:37,2026-06-23 00:00 CASA,GOLD#,GOLD#,NONE,BUY,,,,,0,D,0,False,ASIA_PREOPEN,,,,,,False,,,NO_STRATEGY_SIGNAL,NO_VALID_SETUP,REJECT,BLOCK,N/A,NOT_SENT,SETUP_HUNTER
2026-06-22T23:44:47.477649+00:00,2026-06-23 00:44:47,2026-06-23 00:00 CASA,EURUSD,EURUSD,NONE,SELL,,,,,0,D,0,False,ASIA_PREOPEN,,,,,,False,,,NO_STRATEGY_SIGNAL,NO_VALID_SETUP,REJECT,BLOCK,N/A,NOT_SENT,SETUP_HUNTER
2026-06-22T23:44:58.604450+00:00,2026-06-23 00:44:58,2026-06-23 00:00 CASA,BTCUSD#,BTCUSD#,NONE,SELL,,,,,0,D,0,False,ASIA_PREOPEN,,,,,,False,,,NO_STRATEGY_SIGNAL,NO_VALID_SETUP,REJECT,BLOCK,N/A,NOT_SENT,SETUP_HUNTER
2026-06-22T23:45:15.100591+00:00,2026-06-23 00:45:15,2026-06-23 00:00 CASA,GOLD#,GOLD#,NONE,BUY,,,,,0,D,0,False,ASIA_PREOPEN,,,,,,False,,,NO_STRATEGY_SIGNAL,NO_VALID_SETUP,REJECT,BLOCK,N/A,NOT_SENT,SETUP_HUNTER
2026-06-22T23:45:24.577645+00:00,2026-06-23 00:45:24,2026-06-23 00:00 CASA,EURUSD,EURUSD,NONE,SELL,,,,,0,D,0,False,ASIA_PREOPEN,,,,,,False,,,NO_STRATEGY_SIGNAL,NO_VALID_SETUP,REJECT,BLOCK,N/A,NOT_SENT,SETUP_HUNTER
2026-06-22T23:45:35.799769+00:00,2026-06-23 00:45:35,2026-06-23 00:00 CASA,BTCUSD#,BTCUSD#,NONE,SELL,,,,,0,D,0,False,ASIA_PREOPEN,,,,,,False,,,NO_STRATEGY_SIGNAL,NO_VALID_SETUP,REJECT,BLOCK,N/A,NOT_SENT,SETUP_HUNTER
2026-06-22T23:45:49.254383+00:00,2026-06-23 00:45:49,2026-06-23 00:00 CASA,GOLD#,GOLD#,NONE,BUY,,,,,0,D,0,False,ASIA_PREOPEN,,,,,,False,,,NO_STRATEGY_SIGNAL,NO_VALID_SETUP,REJECT,BLOCK,N/A,NOT_SENT,SETUP_HUNTER
2026-06-22T23:45:58.871644+00:00,2026-06-23 00:45:58,2026-06-23 00:00 CASA,EURUSD,EURUSD,NONE,SELL,,,,,0,D,0,False,ASIA_PREOPEN,,,,,,False,,,NO_STRATEGY_SIGNAL,NO_VALID_SETUP,REJECT,BLOCK,N/A,NOT_SENT,SETUP_HUNTER
2026-06-22T23:46:10.994919+00:00,2026-06-23 00:46:10,2026-06-23 00:00 CASA,BTCUSD#,BTCUSD#,NONE,SELL,,,,,0,D,0,False,ASIA_PREOPEN,,,,,,False,,,NO_STRATEGY_SIGNAL,NO_VALID_SETUP,REJECT,BLOCK,N/A,NOT_SENT,SETUP_HUNTER
2026-06-22T23:46:21.632553+00:00,2026-06-23 00:46:21,2026-06-23 00:00 CASA,GOLD#,GOLD#,NONE,BUY,,,,,0,D,0,False,ASIA_PREOPEN,,,,,,False,,,NO_STRATEGY_SIGNAL,NO_VALID_SETUP,REJECT,BLOCK,N/A,NOT_SENT,SETUP_HUNTER
