BAD_HOUR_BLOCK,BIG_SETUP_GRADE_INCONSISTENT,DEMO_REQUIRES_M1_CONFIRMATION,EMA_ENTRY_NOT_ALLOWED,GENERIC_WAIT_REASON,LEGACY_ENTRY_NOT_ALLOWED,LOT_VALID_FALSE_BUT_APPROVED,M1_NOT_REQUESTED_FOR_AUDIT,M1_REQUIRED_BUT_EMPTY,MARKET_CLOSED,MISSING_REQUIRED_TIMEFRAME,RR_MISSING,RR_MISSING_BEFORE_BIG_SETUP,SCORE_COMPONENTS_MISSING,SESSION_UNKNOWN,SIGNAL_WITH_MISSING_CONTEXT,SIGNAL_WITH_MTFA_FAIL,SIGNAL_WITH_NO_M15_CONFIRMATION,SIGNAL_WITH_NO_M1_CONFIRMATION,SIGNAL_WITH_RR_MISSING,SIGNAL_WITH_SMC_FAIL,TIMEZONE_UNKNOWN,TIME_GATE_MISSING,WEEKEND_BLOCK,blocked_reasons,broker_hour,broker_time_estimate,broker_utc_offset_hours,casablanca_time,confidence,demo_eligible_candidate,direction,eligible_before_safety,evaluated,is_bad_hour,is_news_blackout,is_weekend,local_hour,lot_valid,math_status,missing_timeframe_context,precise_reason,required_timeframes,rows_H1,rows_H4,rows_M1,rows_M15,rows_M5,rr_present,score,score_components,session,session_name,signal,spread_status,strategy,symbol,symbol_market_open,time_gate_reason,time_gate_status,timestamp,utc_hour,utc_time,weekday
False,False,False,False,True,False,False,True,False,False,False,False,False,False,False,False,False,False,False,False,False,False,False,False,"GENERIC_WAIT_REASON,M1_NOT_REQUESTED_FOR_AUDIT",13,2026-06-01T13:40:00+00:00,0.0,2026-06-01T19:43:27.411287+01:00,0.42,False,WAIT,False,True,False,unknown,False,19,True,INVALID_OR_WAIT,,"No breakout retest; flags=GENERIC_WAIT_REASON,M1_NOT_REQUESTED_FOR_AUDIT","M5,M15,M1_CONFIRMATION",500,500,0,500,500,True,44.0,"{""breakout_close_beyond_level"": false, ""m15_confirmation_required"": true, ""m1_confirmation_required"": true, ""math_status"": ""INVALID_OR_WAIT"", ""not_mid_range_random_movement"": true, ""rejection_candle"": true, ""retest_of_broken_level"": false, ""rr_meets_min"": true, ""score_components_present"": true, ""structure_high_selected"": true, ""structure_low_selected"": true}",OFF_HOURS,OFF_HOURS,WAIT,OK,BREAKOUT_RETEST,BTCUSD#,True,TIME_GATE_PASS,PASS,2026-06-01T18:43:28.110711+00:00,18,2026-06-01T18:43:27.411287+00:00,MONDAY
False,False,False,False,True,False,False,True,False,False,False,False,False,False,False,False,False,False,False,False,False,False,False,False,"GENERIC_WAIT_REASON,M1_NOT_REQUESTED_FOR_AUDIT",13,2026-06-01T13:40:00+00:00,0.0,2026-06-01T19:43:27.411287+01:00,0.65,False,WAIT,False,True,False,unknown,False,19,True,INVALID_OR_WAIT,,"CRT_TBS_CONDITIONS_NOT_MET; flags=GENERIC_WAIT_REASON,M1_NOT_REQUESTED_FOR_AUDIT","M5,H4_OR_D1,M15,M1_CONFIRMATION",500,500,0,500,500,True,40.0,"{""cisd_or_mss_confirmation"": true, ""crt_high_selected"": true, ""crt_low_selected"": true, ""crt_mid_selected"": true, ""invalid_no_confirmation"": false, ""invalid_no_sweep"": true, ""liquidity_sweep"": false, ""math_status"": ""INVALID_OR_WAIT"", ""premium_discount_zone"": ""DISCOUNT"", ""return_inside_range"": true, ""score_components_present"": true}",OFF_HOURS,OFF_HOURS,WAIT,OK,CRT_TBS_REVERSAL,BTCUSD#,True,TIME_GATE_PASS,PASS,2026-06-01T18:43:28.791007+00:00,18,2026-06-01T18:43:27.411287+00:00,MONDAY
False,False,False,False,True,False,False,True,False,False,False,False,False,False,False,False,False,False,False,False,False,False,False,False,"GENERIC_WAIT_REASON,M1_NOT_REQUESTED_FOR_AUDIT",13,2026-06-01T13:40:00+00:00,0.0,2026-06-01T19:43:27.411287+01:00,0.575,False,WAIT,False,True,False,unknown,False,19,True,INVALID_OR_WAIT,,"AMD_FVG_IFVG_CONDITIONS_NOT_MET; flags=GENERIC_WAIT_REASON,M1_NOT_REQUESTED_FOR_AUDIT","M5,M15,H1,M1_CONFIRMATION",500,500,0,500,500,True,25.0,"{""accumulation_or_range"": false, ""displacement"": false, ""fvg"": true, ""ifvg_if_applicable"": true, ""invalid_only_fvg"": true, ""manipulation_sweep"": false, ""math_status"": ""INVALID_OR_WAIT"", ""ob_bpr_context"": true, ""score_components_present"": true}",OFF_HOURS,OFF_HOURS,WAIT,OK,AMD_FVG_IFVG_REVERSAL,BTCUSD#,True,TIME_GATE_PASS,PASS,2026-06-01T18:43:29.481328+00:00,18,2026-06-01T18:43:27.411287+00:00,MONDAY
False,False,False,False,True,False,False,True,False,False,False,False,False,False,False,False,False,False,False,False,False,False,False,False,"GENERIC_WAIT_REASON,M1_NOT_REQUESTED_FOR_AUDIT",13,2026-06-01T13:40:00+00:00,0.0,2026-06-01T19:43:27.411287+01:00,0.65,False,WAIT,False,True,False,unknown,False,19,True,INVALID_OR_WAIT,,"FIB_OTE_CONDITIONS_NOT_MET; flags=GENERIC_WAIT_REASON,M1_NOT_REQUESTED_FOR_AUDIT","M5,H4,M15,M1_CONFIRMATION",500,500,0,500,500,True,40.0,"{""cisd_mss_confirmation"": true, ""fib_618"": 73197.966, ""fib_705"": null, ""fib_786"": 72926.982, ""impulse_direction"": ""BUY"", ""invalid_only_ote_touch"": false, ""key_level_ob_fvg_bpr_context"": true, ""math_status"": ""INVALID_OR_WAIT"", ""price_inside_ote"": false, ""score_components_present"": true, ""swing_high_low_selected"": true}",OFF_HOURS,OFF_HOURS,WAIT,OK,FIB_OTE_RETEST,BTCUSD#,True,TIME_GATE_PASS,PASS,2026-06-01T18:43:30.190267+00:00,18,2026-06-01T18:43:27.411287+00:00,MONDAY
False,False,False,False,True,False,False,True,False,False,False,False,False,False,False,False,False,False,False,False,False,False,False,False,"GENERIC_WAIT_REASON,M1_NOT_REQUESTED_FOR_AUDIT",13,2026-06-01T13:40:00+00:00,0.0,2026-06-01T19:43:27.411287+01:00,0.45,False,WAIT,False,True,False,unknown,False,19,True,CONFIRMATION_ONLY,,"No EMA pullback setup; flags=GENERIC_WAIT_REASON,M1_NOT_REQUESTED_FOR_AUDIT",M5,500,500,0,500,500,True,39.0,"{""math_status"": ""CONFIRMATION_ONLY"", ""score_components_present"": true}",OFF_HOURS,OFF_HOURS,WAIT,OK,EMA_PULLBACK,BTCUSD#,True,TIME_GATE_PASS,PASS,2026-06-01T18:43:30.889200+00:00,18,2026-06-01T18:43:27.411287+00:00,MONDAY
False,False,False,False,False,False,False,True,False,False,False,False,False,False,False,False,False,False,False,False,False,False,False,False,M1_NOT_REQUESTED_FOR_AUDIT,13,2026-06-01T13:40:00+00:00,0.0,2026-06-01T19:43:27.411287+01:00,0.64,False,WAIT,False,True,False,unknown,False,19,True,OBSERVER_ONLY,,SECOND_ENTRY_OBSERVER_ONLY; flags=M1_NOT_REQUESTED_FOR_AUDIT,M5,500,500,0,500,500,True,44.0,"{""math_status"": ""OBSERVER_ONLY"", ""score_components_present"": true}",OFF_HOURS,OFF_HOURS,WAIT,OK,SECOND_ENTRY,BTCUSD#,True,TIME_GATE_PASS,PASS,2026-06-01T18:43:31.584592+00:00,18,2026-06-01T18:43:27.411287+00:00,MONDAY
False,False,False,False,False,False,False,True,False,False,False,False,False,False,False,False,False,False,False,False,False,False,False,False,M1_NOT_REQUESTED_FOR_AUDIT,13,2026-06-01T13:40:00+00:00,0.0,2026-06-01T19:43:27.411287+01:00,0.35,False,WAIT,False,True,False,unknown,False,19,True,OBSERVER_ONLY,,SCALPING_AGENT_OBSERVER_ONLY; flags=M1_NOT_REQUESTED_FOR_AUDIT,M5,500,500,0,500,500,True,44.0,"{""math_status"": ""OBSERVER_ONLY"", ""score_components_present"": true}",OFF_HOURS,OFF_HOURS,WAIT,OK,SCALPING_AGENT,BTCUSD#,True,TIME_GATE_PASS,PASS,2026-06-01T18:43:32.294568+00:00,18,2026-06-01T18:43:27.411287+00:00,MONDAY
False,False,False,False,True,False,False,True,False,False,False,False,False,False,False,False,False,False,False,False,False,False,False,False,"GENERIC_WAIT_REASON,M1_NOT_REQUESTED_FOR_AUDIT",13,2026-06-01T13:40:00+00:00,0.0,2026-06-01T19:43:32.308511+01:00,0.42,False,WAIT,False,True,False,unknown,False,19,True,INVALID_OR_WAIT,,"No breakout retest; flags=GENERIC_WAIT_REASON,M1_NOT_REQUESTED_FOR_AUDIT","M5,M15,M1_CONFIRMATION",500,500,0,500,500,True,42.0,"{""breakout_close_beyond_level"": false, ""m15_confirmation_required"": true, ""m1_confirmation_required"": true, ""math_status"": ""INVALID_OR_WAIT"", ""not_mid_range_random_movement"": true, ""rejection_candle"": true, ""retest_of_broken_level"": false, ""rr_meets_min"": true, ""score_components_present"": true, ""structure_high_selected"": true, ""structure_low_selected"": true}",OFF_HOURS,OFF_HOURS,WAIT,OK,BREAKOUT_RETEST,GOLD#,True,TIME_GATE_PASS,PASS,2026-06-01T18:43:33.041924+00:00,18,2026-06-01T18:43:32.308511+00:00,MONDAY
False,False,False,False,True,False,False,True,False,False,False,False,False,False,False,False,False,False,False,False,False,False,False,False,"GENERIC_WAIT_REASON,M1_NOT_REQUESTED_FOR_AUDIT",13,2026-06-01T13:40:00+00:00,0.0,2026-06-01T19:43:32.308511+01:00,0.65,False,WAIT,False,True,False,unknown,False,19,True,VALID,,"CRT_TBS_CONDITIONS_NOT_MET; flags=GENERIC_WAIT_REASON,M1_NOT_REQUESTED_FOR_AUDIT","M5,H4_OR_D1,M15,M1_CONFIRMATION",500,500,0,500,500,True,40.0,"{""cisd_or_mss_confirmation"": true, ""crt_high_selected"": true, ""crt_low_selected"": true, ""crt_mid_selected"": true, ""invalid_no_confirmation"": false, ""invalid_no_sweep"": false, ""liquidity_sweep"": true, ""math_status"": ""VALID"", ""premium_discount_zone"": ""DISCOUNT"", ""return_inside_range"": true, ""score_components_present"": true}",OFF_HOURS,OFF_HOURS,WAIT,OK,CRT_TBS_REVERSAL,GOLD#,True,TIME_GATE_PASS,PASS,2026-06-01T18:43:33.753393+00:00,18,2026-06-01T18:43:32.308511+00:00,MONDAY
False,False,False,False,True,False,False,True,False,False,False,False,False,False,False,False,False,False,False,False,False,False,False,False,"GENERIC_WAIT_REASON,M1_NOT_REQUESTED_FOR_AUDIT",13,2026-06-01T13:40:00+00:00,0.0,2026-06-01T19:43:32.308511+01:00,0.675,False,WAIT,False,True,False,unknown,False,19,True,INVALID_OR_WAIT,,"AMD_FVG_IFVG_CONDITIONS_NOT_MET; flags=GENERIC_WAIT_REASON,M1_NOT_REQUESTED_FOR_AUDIT","M5,M15,H1,M1_CONFIRMATION",500,500,0,500,500,True,45.0,"{""accumulation_or_range"": false, ""displacement"": false, ""fvg"": true, ""ifvg_if_applicable"": true, ""invalid_only_fvg"": true, ""manipulation_sweep"": true, ""math_status"": ""INVALID_OR_WAIT"", ""ob_bpr_context"": true, ""score_components_present"": true}",OFF_HOURS,OFF_HOURS,WAIT,OK,AMD_FVG_IFVG_REVERSAL,GOLD#,True,TIME_GATE_PASS,PASS,2026-06-01T18:43:34.452429+00:00,18,2026-06-01T18:43:32.308511+00:00,MONDAY
False,False,False,False,True,False,False,True,False,False,False,False,False,False,False,False,False,False,False,False,False,False,False,False,"GENERIC_WAIT_REASON,M1_NOT_REQUESTED_FOR_AUDIT",13,2026-06-01T13:40:00+00:00,0.0,2026-06-01T19:43:32.308511+01:00,0.65,False,WAIT,False,True,False,unknown,False,19,True,INVALID_OR_WAIT,,"FIB_OTE_CONDITIONS_NOT_MET; flags=GENERIC_WAIT_REASON,M1_NOT_REQUESTED_FOR_AUDIT","M5,H4,M15,M1_CONFIRMATION",500,500,0,500,500,True,40.0,"{""cisd_mss_confirmation"": true, ""fib_618"": 4529.62728, ""fib_705"": null, ""fib_786"": 4511.81256, ""impulse_direction"": ""BUY"", ""invalid_only_ote_touch"": false, ""key_level_ob_fvg_bpr_context"": true, ""math_status"": ""INVALID_OR_WAIT"", ""price_inside_ote"": false, ""score_components_present"": true, ""swing_high_low_selected"": true}",OFF_HOURS,OFF_HOURS,WAIT,OK,FIB_OTE_RETEST,GOLD#,True,TIME_GATE_PASS,PASS,2026-06-01T18:43:35.130209+00:00,18,2026-06-01T18:43:32.308511+00:00,MONDAY
False,False,False,False,True,False,False,True,False,False,False,False,False,False,False,False,False,False,False,False,False,False,False,False,"GENERIC_WAIT_REASON,M1_NOT_REQUESTED_FOR_AUDIT",13,2026-06-01T13:40:00+00:00,0.0,2026-06-01T19:43:32.308511+01:00,0.45,False,WAIT,False,True,False,unknown,False,19,True,CONFIRMATION_ONLY,,"No EMA pullback setup; flags=GENERIC_WAIT_REASON,M1_NOT_REQUESTED_FOR_AUDIT",M5,500,500,0,500,500,True,32.0,"{""math_status"": ""CONFIRMATION_ONLY"", ""score_components_present"": true}",OFF_HOURS,OFF_HOURS,WAIT,OK,EMA_PULLBACK,GOLD#,True,TIME_GATE_PASS,PASS,2026-06-01T18:43:35.826990+00:00,18,2026-06-01T18:43:32.308511+00:00,MONDAY
False,False,False,False,False,False,False,True,False,False,False,False,False,False,False,False,False,False,False,False,False,False,False,False,M1_NOT_REQUESTED_FOR_AUDIT,13,2026-06-01T13:40:00+00:00,0.0,2026-06-01T19:43:32.308511+01:00,0.64,False,WAIT,False,True,False,unknown,False,19,True,OBSERVER_ONLY,,SECOND_ENTRY_OBSERVER_ONLY; flags=M1_NOT_REQUESTED_FOR_AUDIT,M5,500,500,0,500,500,True,42.0,"{""math_status"": ""OBSERVER_ONLY"", ""score_components_present"": true}",OFF_HOURS,OFF_HOURS,WAIT,OK,SECOND_ENTRY,GOLD#,True,TIME_GATE_PASS,PASS,2026-06-01T18:43:36.537743+00:00,18,2026-06-01T18:43:32.308511+00:00,MONDAY
False,False,False,False,False,False,False,True,False,False,False,False,False,False,False,False,False,False,False,False,False,False,False,False,M1_NOT_REQUESTED_FOR_AUDIT,13,2026-06-01T13:40:00+00:00,0.0,2026-06-01T19:43:32.308511+01:00,0.35,False,WAIT,False,True,False,unknown,False,19,True,OBSERVER_ONLY,,SCALPING_AGENT_OBSERVER_ONLY; flags=M1_NOT_REQUESTED_FOR_AUDIT,M5,500,500,0,500,500,True,42.0,"{""math_status"": ""OBSERVER_ONLY"", ""score_components_present"": true}",OFF_HOURS,OFF_HOURS,WAIT,OK,SCALPING_AGENT,GOLD#,True,TIME_GATE_PASS,PASS,2026-06-01T18:43:37.199117+00:00,18,2026-06-01T18:43:32.308511+00:00,MONDAY
False,False,False,False,True,False,False,True,False,False,False,False,False,False,False,False,False,False,False,False,False,False,False,False,"GENERIC_WAIT_REASON,M1_NOT_REQUESTED_FOR_AUDIT",13,2026-06-01T13:40:00+00:00,0.0,2026-06-01T19:43:37.212987+01:00,0.42,False,WAIT,False,True,False,unknown,False,19,True,INVALID_OR_WAIT,,"No breakout retest; flags=GENERIC_WAIT_REASON,M1_NOT_REQUESTED_FOR_AUDIT","M5,M15,M1_CONFIRMATION",500,500,0,500,500,True,63.0,"{""breakout_close_beyond_level"": false, ""m15_confirmation_required"": true, ""m1_confirmation_required"": true, ""math_status"": ""INVALID_OR_WAIT"", ""not_mid_range_random_movement"": true, ""rejection_candle"": true, ""retest_of_broken_level"": false, ""rr_meets_min"": true, ""score_components_present"": true, ""structure_high_selected"": true, ""structure_low_selected"": true}",OFF_HOURS,OFF_HOURS,WAIT,OK,BREAKOUT_RETEST,EURUSD,True,TIME_GATE_PASS,PASS,2026-06-01T18:43:37.863971+00:00,18,2026-06-01T18:43:37.212987+00:00,MONDAY
False,False,False,False,True,False,False,True,False,False,False,False,False,False,False,False,False,False,False,False,False,False,False,False,"GENERIC_WAIT_REASON,M1_NOT_REQUESTED_FOR_AUDIT",13,2026-06-01T13:40:00+00:00,0.0,2026-06-01T19:43:37.212987+01:00,0.65,False,WAIT,False,True,False,unknown,False,19,True,INVALID_OR_WAIT,,"CRT_TBS_CONDITIONS_NOT_MET; flags=GENERIC_WAIT_REASON,M1_NOT_REQUESTED_FOR_AUDIT","M5,H4_OR_D1,M15,M1_CONFIRMATION",500,500,0,500,500,True,40.0,"{""cisd_or_mss_confirmation"": true, ""crt_high_selected"": true, ""crt_low_selected"": true, ""crt_mid_selected"": true, ""invalid_no_confirmation"": false, ""invalid_no_sweep"": true, ""liquidity_sweep"": false, ""math_status"": ""INVALID_OR_WAIT"", ""premium_discount_zone"": ""DISCOUNT"", ""return_inside_range"": true, ""score_components_present"": true}",OFF_HOURS,OFF_HOURS,WAIT,OK,CRT_TBS_REVERSAL,EURUSD,True,TIME_GATE_PASS,PASS,2026-06-01T18:43:38.557656+00:00,18,2026-06-01T18:43:37.212987+00:00,MONDAY
False,False,False,False,True,False,False,True,False,False,False,False,False,False,False,False,False,False,False,False,False,False,False,False,"GENERIC_WAIT_REASON,M1_NOT_REQUESTED_FOR_AUDIT",13,2026-06-01T13:40:00+00:00,0.0,2026-06-01T19:43:37.212987+01:00,0.575,False,WAIT,False,True,False,unknown,False,19,True,INVALID_OR_WAIT,,"AMD_FVG_IFVG_CONDITIONS_NOT_MET; flags=GENERIC_WAIT_REASON,M1_NOT_REQUESTED_FOR_AUDIT","M5,M15,H1,M1_CONFIRMATION",500,500,0,500,500,True,25.0,"{""accumulation_or_range"": false, ""displacement"": false, ""fvg"": true, ""ifvg_if_applicable"": true, ""invalid_only_fvg"": true, ""manipulation_sweep"": false, ""math_status"": ""INVALID_OR_WAIT"", ""ob_bpr_context"": true, ""score_components_present"": true}",OFF_HOURS,OFF_HOURS,WAIT,OK,AMD_FVG_IFVG_REVERSAL,EURUSD,True,TIME_GATE_PASS,PASS,2026-06-01T18:43:39.216778+00:00,18,2026-06-01T18:43:37.212987+00:00,MONDAY
False,False,False,False,True,False,False,True,False,False,False,False,False,False,False,False,False,False,False,False,False,False,False,False,"GENERIC_WAIT_REASON,M1_NOT_REQUESTED_FOR_AUDIT",13,2026-06-01T13:40:00+00:00,0.0,2026-06-01T19:43:37.212987+01:00,0.775,False,WAIT,False,True,False,unknown,False,19,True,VALID,,"FIB_OTE_CONDITIONS_NOT_MET; flags=GENERIC_WAIT_REASON,M1_NOT_REQUESTED_FOR_AUDIT","M5,H4,M15,M1_CONFIRMATION",500,500,0,500,500,True,65.0,"{""cisd_mss_confirmation"": true, ""fib_618"": 1.16483144, ""fib_705"": null, ""fib_786"": 1.16383688, ""impulse_direction"": ""BUY"", ""invalid_only_ote_touch"": false, ""key_level_ob_fvg_bpr_context"": true, ""math_status"": ""VALID"", ""price_inside_ote"": true, ""score_components_present"": true, ""swing_high_low_selected"": true}",OFF_HOURS,OFF_HOURS,WAIT,OK,FIB_OTE_RETEST,EURUSD,True,TIME_GATE_PASS,PASS,2026-06-01T18:43:39.881199+00:00,18,2026-06-01T18:43:37.212987+00:00,MONDAY
False,False,True,True,False,False,False,True,False,False,False,False,False,False,False,False,True,True,True,False,True,False,False,False,"EMA_ENTRY_NOT_ALLOWED,SIGNAL_WITH_MTFA_FAIL,SIGNAL_WITH_SMC_FAIL,SIGNAL_WITH_NO_M15_CONFIRMATION,SIGNAL_WITH_NO_M1_CONFIRMATION,M1_NOT_REQUESTED_FOR_AUDIT,DEMO_REQUIRES_M1_CONFIRMATION",13,2026-06-01T13:40:00+00:00,0.0,2026-06-01T19:43:37.212987+01:00,0.74,False,SELL,False,True,False,unknown,False,19,True,CONFIRMATION_ONLY,,"Bearish EMA pullback; flags=EMA_ENTRY_NOT_ALLOWED,SIGNAL_WITH_MTFA_FAIL,SIGNAL_WITH_SMC_FAIL,SIGNAL_WITH_NO_M15_CONFIRMATION,SIGNAL_WITH_NO_M1_CONFIRMATION,M1_NOT_REQUESTED_FOR_AUDIT,DEMO_REQUIRES_M1_CONFIRMATION",M5,500,500,0,500,500,True,53.0,"{""math_status"": ""CONFIRMATION_ONLY"", ""score_components_present"": true}",OFF_HOURS,OFF_HOURS,SELL,OK,EMA_PULLBACK,EURUSD,True,TIME_GATE_PASS,PASS,2026-06-01T18:43:40.565073+00:00,18,2026-06-01T18:43:37.212987+00:00,MONDAY
False,False,False,False,False,False,False,True,False,False,False,False,False,False,False,False,False,False,False,False,False,False,False,False,M1_NOT_REQUESTED_FOR_AUDIT,13,2026-06-01T13:40:00+00:00,0.0,2026-06-01T19:43:37.212987+01:00,0.4,False,WAIT,False,True,False,unknown,False,19,True,OBSERVER_ONLY,,SECOND_ENTRY_OBSERVER_ONLY; flags=M1_NOT_REQUESTED_FOR_AUDIT,M5,500,500,0,500,500,True,63.0,"{""math_status"": ""OBSERVER_ONLY"", ""score_components_present"": true}",OFF_HOURS,OFF_HOURS,WAIT,OK,SECOND_ENTRY,EURUSD,True,TIME_GATE_PASS,PASS,2026-06-01T18:43:41.260088+00:00,18,2026-06-01T18:43:37.212987+00:00,MONDAY
False,False,False,False,False,False,False,True,False,False,False,False,False,False,False,False,False,False,False,False,False,False,False,False,M1_NOT_REQUESTED_FOR_AUDIT,13,2026-06-01T13:40:00+00:00,0.0,2026-06-01T19:43:37.212987+01:00,0.35,False,WAIT,False,True,False,unknown,False,19,True,OBSERVER_ONLY,,SCALPING_AGENT_OBSERVER_ONLY; flags=M1_NOT_REQUESTED_FOR_AUDIT,M5,500,500,0,500,500,True,63.0,"{""math_status"": ""OBSERVER_ONLY"", ""score_components_present"": true}",OFF_HOURS,OFF_HOURS,WAIT,OK,SCALPING_AGENT,EURUSD,True,TIME_GATE_PASS,PASS,2026-06-01T18:43:41.973955+00:00,18,2026-06-01T18:43:37.212987+00:00,MONDAY
